"Fahrzeug";"Beleg";"Zeitpunkt";"Buchungsart";"Zahlungsmittel";"Belegtext";"Gesamt";"10%";"20%";"Fahrtkosten";"Trinkgeld";"Umsatz";"Durchl√§ufer";"Taxameterumsatz";"Status";"Bemerkung"
"9892 ";" 0419";"19.05.2025 10:44";"Barbeleg";"  ";"Personenfahrt";"39,00";"3,55";;"35,45";;"39,00";;;"SIGNIERT Gespeichert ";""
"9892 ";" 0420";"19.05.2025 23:59";"Barbeleg";"  ";"Personenfahrt";"42,00";"3,82";;"38,18";;"42,00";;;"SIGNIERT Gespeichert ";""
"9892 ";" 0421";"20.05.2025 11:26";"Barbeleg";"  ";"Personenfahrt";"23,40";"2,13";;"21,27";;"23,40";;;"SIGNIERT Gespeichert ";""
"9892 ";" 0422";"20.05.2025 12:19";"Barbeleg";"  ";"Botenfahrt";"21,80";;"3,63";"18,17";;"21,80";;;"SIGNIERT Gespeichert ";""
"9892 ";" 0423";"20.05.2025 16:04";"Barbeleg";"  ";"Botenfahrt";"15,80";;"2,63";"13,17";;"15,80";;;"SIGNIERT Gespeichert ";""
"9892 ";" 0424";"21.05.2025 12:11";"Barbeleg";"  ";"Personenfahrt";"10,40";"0,95";;"9,45";;"10,40";;;"SIGNIERT Gespeichert ";""
"9892 ";" 0425";"21.05.2025 15:10";"Barbeleg";"  ";"Personenfahrt";"8,80";"0,80";;"8,00";;"8,80";;;"SIGNIERT Gespeichert ";""
"9892 ";" 0426";"21.05.2025 18:49";"Barbeleg";"  ";"Personenfahrt";"42,00";"3,82";;"38,18";;"42,00";;;"SIGNIERT Gespeichert ";""
"9892 ";" 0427";"21.05.2025 19:49";"Barbeleg";"  ";"Personenfahrt";"18,80";"1,71";;"17,09";;"18,80";;;"SIGNIERT Gespeichert ";""
"9892 ";" 0428";"21.05.2025 20:18";"Pinpad-Zahlung";"Pinpad Amex 405663";"Personenfahrt";"30,20";"2,75";;"27,45";;"30,20";;;"SIGNIERT Exportiert ";""
"9892 ";" 0429";"22.05.2025 08:09";"Barbeleg";"  ";"Personenfahrt";"13,80";"1,25";;"12,55";;"13,80";;;"SIGNIERT Gespeichert ";""
"9892 ";" 0430";"22.05.2025 08:32";"Pinpad-Zahlung";"Pinpad EuroCard 493222";"Personenfahrt";"19,00";"1,73";;"17,27";;"19,00";;;"SIGNIERT Exportiert ";""
"9892 ";" 0431";"22.05.2025 09:25";"Barbeleg";"  ";"Personenfahrt";"20,20";"1,84";;"18,36";;"20,20";;;"SIGNIERT Gespeichert ";""
"9892 ";" 0432";"22.05.2025 14:16";"Barbeleg";"  ";"Personenfahrt";"42,00";"3,82";;"38,18";;"42,00";;;"SIGNIERT Gespeichert ";""
"9892 ";" 0433";"23.05.2025 14:54";"Barbeleg";"  ";"Personenfahrt";"42,00";"3,82";;"38,18";;"42,00";;;"SIGNIERT Gespeichert ";""
"9892 ";" 0434";"23.05.2025 16:09";"Barbeleg";"  ";"Personenfahrt";"10,60";"0,96";;"9,64";;"10,60";;;"SIGNIERT Gespeichert ";""
"9892 ";" 0435";"23.05.2025 17:17";"Barbeleg";"  ";"Personenfahrt";"22,60";"2,05";;"20,55";;"22,60";;;"SIGNIERT Gespeichert ";""
"9892 ";" 0436";"23.05.2025 20:53";"Barbeleg";"  ";"Personenfahrt";"48,00";"4,36";;"43,64";;"48,00";;;"SIGNIERT Gespeichert ";""
"9892 ";" 0437";"24.05.2025 00:03";"Barbeleg";"  ";"Personenfahrt";"42,00";"3,82";;"38,18";;"42,00";;;"SIGNIERT Gespeichert ";""
"9892 ";" 0438";"25.05.2025 16:43";"Barbeleg";"  ";"Personenfahrt";"17,60";"1,60";;"16,00";;"17,60";;;"SIGNIERT Gespeichert ";""
"9892 ";" 0439";"25.05.2025 20:12";"Pinpad-Zahlung";"Pinpad EuroCard 581097";"Personenfahrt";"50,00";"3,82";;"38,18";"8,00";"50,00";;;"SIGNIERT Exportiert ";""
"9892 ";" 0440";"25.05.2025 23:18";"Barbeleg";"  ";"Personenfahrt";"21,50";"1,95";;"19,55";;"21,50";;;"SIGNIERT Gespeichert ";""
"9828 ";" 0492";"19.05.2025 07:46";"Barbeleg";"  ";"Botenfahrt";"15,80";;"2,63";"13,17";;"15,80";;;"SIGNIERT Gespeichert ";""
"9828 ";" 0493";"19.05.2025 08:59";"Pinpad-Zahlung";"Pinpad EuroCard 062342";"Personenfahrt";"23,40";"2,13";;"21,27";;"23,40";;;"SIGNIERT Exportiert ";""
"9828 ";" 0494";"19.05.2025 12:28";"Barbeleg";"  ";"Botenfahrt";"70,00";;"11,67";"58,33";;"70,00";;;"SIGNIERT Gespeichert ";""
"9828 ";" 0495";"19.05.2025 15:19";"Barbeleg";"  ";"Botenfahrt";"27,80";;"4,63";"23,17";;"27,80";;;"SIGNIERT Gespeichert ";""
"9828 ";" 0496";"19.05.2025 18:02";"Barbeleg";"  ";"Personenfahrt";"10,00";"0,91";;"9,09";;"10,00";;;"SIGNIERT Gespeichert ";""
"9828 ";" 0497";"20.05.2025 12:09";"Barbeleg";"  ";"Botenfahrt";"15,80";;"2,63";"13,17";;"15,80";;;"SIGNIERT Gespeichert ";""
"9828 ";" 0498";"21.05.2025 09:22";"Barbeleg";"  ";"Personenfahrt";"25,00";"2,27";;"22,73";;"25,00";;;"SIGNIERT Gespeichert ";""
"9828 ";" 0499";"21.05.2025 12:09";"Barbeleg";"  ";"Botenfahrt";"15,80";;"2,63";"13,17";;"15,80";;;"SIGNIERT Gespeichert ";""
"9828 ";" 0500";"22.05.2025 06:22";"Pinpad-Zahlung";"Pinpad Visa Pay 993281";"Personenfahrt";"24,00";"2,18";;"21,82";;"24,00";;;"SIGNIERT Exportiert ";""
"9828 ";" 0501";"22.05.2025 09:51";"Pinpad-Zahlung";"Pinpad EuroCard 060106";"Personenfahrt";"18,00";"1,64";;"16,36";;"18,00";;;"SIGNIERT Exportiert ";""
"9828 ";" 0502";"22.05.2025 12:15";"Barbeleg";"  ";"Botenfahrt";"80,00";;"13,33";"66,67";;"80,00";;;"SIGNIERT Gespeichert ";""
"9828 ";" 0503";"23.05.2025 08:35";"Pinpad-Zahlung";"Pinpad EuroCard 229586";"Personenfahrt";"22,00";"2,00";;"20,00";;"22,00";;;"SIGNIERT Exportiert ";""
"9828 ";" 0504";"23.05.2025 09:50";"Barbeleg";"  ";"Botenfahrt";"21,80";;"3,63";"18,17";;"21,80";;;"SIGNIERT Gespeichert ";""
"9828 ";" 0505";"23.05.2025 17:18";"Barbeleg";"  ";"Botenfahrt";"15,80";;"2,63";"13,17";;"15,80";;;"SIGNIERT Gespeichert ";""
"9828 ";" 0506";"24.05.2025 08:59";"Pinpad-Zahlung";"Pinpad EuroCard 779917";"Personenfahrt";"11,20";"1,02";;"10,18";;"11,20";;;"SIGNIERT Exportiert ";""
"9828 ";" 0507";"24.05.2025 10:17";"Barbeleg";"  ";"Botenfahrt";"75,00";;"12,50";"62,50";;"75,00";;;"SIGNIERT Gespeichert ";""
"9828 ";" 0508";"24.05.2025 11:16";"Barbeleg";"  ";"Personenfahrt";"10,00";"0,91";;"9,09";;"10,00";;;"SIGNIERT Gespeichert ";""
"9828 ";" 0509";"24.05.2025 11:18";"Pinpad-Zahlung";"Pinpad EuroCard 627744";"Personenfahrt";"10,00";"0,91";;"9,09";;"10,00";;;"SIGNIERT Exportiert ";""
"9828 ";" 0510";"25.05.2025 09:17";"Pinpad-Zahlung";"Pinpad EuroCard 933665";"Personenfahrt";"27,00";"2,45";;"24,55";;"27,00";;;"SIGNIERT Exportiert ";""
"9046 ";" 0939";"19.05.2025 06:19";"Barbeleg";"  ";"Personenfahrt";"14,20";"1,29";;"12,91";;"14,20";;;"SIGNIERT Gespeichert ";""
"9046 ";" 0940";"19.05.2025 07:56";"Barbeleg";"  ";"Personenfahrt";"25,40";"2,31";;"23,09";;"25,40";;;"SIGNIERT Gespeichert ";""
"9046 ";" 0941";"19.05.2025 10:04";"Barbeleg";"  ";"Personenfahrt";"14,00";"1,27";;"12,73";;"14,00";;;"SIGNIERT Gespeichert ";""
"9046 ";" 0942";"19.05.2025 11:25";"Pinpad-Zahlung";"Pinpad EuroCard 079367";"Personenfahrt";"45,00";"3,82";;"38,18";"3,00";"45,00";;;"SIGNIERT Exportiert ";""
"9046 ";" 0943";"19.05.2025 13:07";"Barbeleg";"  ";"Personenfahrt";"39,40";"3,58";;"35,82";;"39,40";;;"SIGNIERT Gespeichert ";""
"9046 ";" 0944";"19.05.2025 15:41";"Pinpad-Zahlung";"Pinpad EuroCard 470293";"Personenfahrt";"35,00";"3,18";;"31,82";;"35,00";;;"SIGNIERT Exportiert ";""
"9046 ";" 0945";"19.05.2025 17:23";"Barbeleg";"  ";"Personenfahrt";"7,20";"0,65";;"6,55";;"7,20";;;"SIGNIERT Gespeichert ";""
"9046 ";" 0946";"19.05.2025 18:35";"Pinpad-Zahlung";"Pinpad EuroCard 004331";"Personenfahrt";"24,00";"2,05";;"20,55";"1,40";"24,00";;;"SIGNIERT Exportiert ";""
"9046 ";" 0947";"19.05.2025 19:16";"Pinpad-Zahlung";"Pinpad EuroCard 309941";"Personenfahrt";"38,00";"3,31";;"33,09";"1,60";"38,00";;;"SIGNIERT Exportiert ";""
"9046 ";" 0948";"20.05.2025 07:50";"Barbeleg";"  ";"Personenfahrt";"14,80";"1,35";;"13,45";;"14,80";;;"SIGNIERT Gespeichert ";""
"9046 ";" 0949";"20.05.2025 08:20";"Barbeleg";"  ";"Personenfahrt";"23,80";"2,16";;"21,64";;"23,80";;;"SIGNIERT Gespeichert ";""
"9046 ";" 0950";"20.05.2025 09:14";"Barbeleg";"  ";"Personenfahrt";"19,00";"1,73";;"17,27";;"19,00";;;"SIGNIERT Gespeichert ";""
"9046 ";" 0951";"20.05.2025 09:29";"Barbeleg";"  ";"Personenfahrt";"7,60";"0,69";;"6,91";;"7,60";;;"SIGNIERT Gespeichert ";""
"9046 ";" 0952";"20.05.2025 09:54";"Barbeleg";"  ";"Personenfahrt";"10,40";"0,95";;"9,45";;"10,40";;;"SIGNIERT Gespeichert ";""
"9046 ";" 0953";"20.05.2025 11:03";"Barbeleg";"  ";"Personenfahrt";"22,00";"2,00";;"20,00";;"22,00";;;"SIGNIERT Gespeichert ";""
"9046 ";" 0954";"20.05.2025 13:06";"Barbeleg";"  ";"Personenfahrt";"37,00";"3,36";;"33,64";;"37,00";;;"SIGNIERT Gespeichert ";""
"9046 ";" 0955";"20.05.2025 16:37";"Barbeleg";"  ";"Personenfahrt";"11,80";"1,07";;"10,73";;"11,80";;;"SIGNIERT Gespeichert ";""
"9046 ";" 0956";"20.05.2025 17:21";"Barbeleg";"  ";"Personenfahrt";"26,40";"2,40";;"24,00";;"26,40";;;"SIGNIERT Gespeichert ";""
"9046 ";" 0957";"20.05.2025 18:12";"Pinpad-Zahlung";"Pinpad EuroCard 065588";"Personenfahrt";"19,00";"1,55";;"15,45";"2,00";"19,00";;;"SIGNIERT Exportiert ";""
"9046 ";" 0958";"20.05.2025 19:23";"Pinpad-Zahlung";"Pinpad EuroCard 124140";"Personenfahrt";"18,00";"1,42";;"14,18";"2,40";"18,00";;;"SIGNIERT Exportiert ";""
"9046 ";" 0959";"21.05.2025 06:21";"Barbeleg";"  ";"Personenfahrt";"9,20";"0,84";;"8,36";;"9,20";;;"SIGNIERT Gespeichert ";""
"9046 ";" 0960";"21.05.2025 07:06";"Barbeleg";"  ";"Personenfahrt";"12,80";"1,16";;"11,64";;"12,80";;;"SIGNIERT Gespeichert ";""
"9046 ";" 0961";"21.05.2025 08:04";"Barbeleg";"  ";"Personenfahrt";"25,40";"2,31";;"23,09";;"25,40";;;"SIGNIERT Gespeichert ";""
"9046 ";" 0962";"21.05.2025 08:34";"Pinpad-Zahlung";"Pinpad EuroCard 164525";"Personenfahrt";"24,00";"2,00";;"20,00";"2,00";"24,00";;;"SIGNIERT Exportiert ";""
"9046 ";" 0963";"21.05.2025 09:13";"Barbeleg";"  ";"Personenfahrt";"24,20";"2,20";;"22,00";;"24,20";;;"SIGNIERT Gespeichert ";""
"9046 ";" 0964";"21.05.2025 10:13";"Barbeleg";"  ";"Personenfahrt";"15,60";"1,42";;"14,18";;"15,60";;;"SIGNIERT Gespeichert ";""
"9046 ";" 0965";"21.05.2025 10:28";"Pinpad-Zahlung";"Pinpad VISA 043016";"Personenfahrt";"15,00";"0,93";;"9,27";"4,80";"15,00";;;"SIGNIERT Exportiert ";""
"9046 ";" 0966";"21.05.2025 10:58";"Barbeleg";"  ";"Personenfahrt";"20,40";"1,85";;"18,55";;"20,40";;;"SIGNIERT Gespeichert ";""
"9046 ";" 0967";"21.05.2025 12:55";"Barbeleg";"  ";"Personenfahrt";"10,00";"0,91";;"9,09";;"10,00";;;"SIGNIERT Gespeichert ";""
"9046 ";" 0968";"21.05.2025 13:43";"Barbeleg";"  ";"Personenfahrt";"19,20";"1,75";;"17,45";;"19,20";;;"SIGNIERT Gespeichert ";""
"9046 ";" 0969";"21.05.2025 14:56";"Barbeleg";"  ";"Personenfahrt";"16,40";"1,49";;"14,91";;"16,40";;;"SIGNIERT Gespeichert ";""
"9046 ";" 0970";"21.05.2025 15:18";"Barbeleg";"  ";"Personenfahrt";"16,40";"1,49";;"14,91";;"16,40";;;"SIGNIERT Gespeichert ";""
"9046 ";" 0971";"21.05.2025 16:07";"Pinpad-Zahlung";"Pinpad VISA 018093";"Personenfahrt";"16,40";"1,49";;"14,91";;"16,40";;;"SIGNIERT Exportiert ";""
"9046 ";" 0972";"21.05.2025 17:17";"Barbeleg";"  ";"Personenfahrt";"10,60";"0,96";;"9,64";;"10,60";;;"SIGNIERT Gespeichert ";""
"9046 ";" 0973";"21.05.2025 18:22";"Barbeleg";"  ";"Personenfahrt";"17,60";"1,60";;"16,00";;"17,60";;;"SIGNIERT Gespeichert ";""
"9046 ";" 0974";"21.05.2025 18:51";"Pinpad-Zahlung";"Pinpad EuroCard 451786";"Personenfahrt";"12,00";"1,09";;"10,91";;"12,00";;;"SIGNIERT Exportiert ";""
"9046 ";" 0975";"22.05.2025 07:54";"Barbeleg";"  ";"Personenfahrt";"23,00";"2,09";;"20,91";;"23,00";;;"SIGNIERT Gespeichert ";""
"9046 ";" 0976";"22.05.2025 09:15";"Barbeleg";"  ";"Personenfahrt";"19,60";"1,78";;"17,82";;"19,60";;;"SIGNIERT Gespeichert ";""
"9046 ";" 0977";"22.05.2025 09:54";"Barbeleg";"  ";"Personenfahrt";"22,40";"2,04";;"20,36";;"22,40";;;"SIGNIERT Gespeichert ";""
"9046 ";" 0978";"22.05.2025 12:42";"Barbeleg";"  ";"Personenfahrt";"20,00";"1,82";;"18,18";;"20,00";;;"SIGNIERT Gespeichert ";""
"9046 ";" 0979";"22.05.2025 13:17";"Barbeleg";"  ";"Personenfahrt";"27,80";"2,53";;"25,27";;"27,80";;;"SIGNIERT Gespeichert ";""
"9046 ";" 0980";"22.05.2025 17:41";"Barbeleg";"  ";"Personenfahrt";"25,00";"2,27";;"22,73";;"25,00";;;"SIGNIERT Gespeichert ";""
"9046 ";" 0981";"22.05.2025 18:18";"Pinpad-Zahlung";"Pinpad EuroCard 070952";"Personenfahrt";"16,40";"1,49";;"14,91";;"16,40";;;"SIGNIERT Exportiert ";""
"9046 ";" 0982";"22.05.2025 19:03";"Barbeleg";"  ";"Personenfahrt";"22,80";"2,07";;"20,73";;"22,80";;;"SIGNIERT Gespeichert ";""
"9046 ";" 0983";"23.05.2025 07:17";"Barbeleg";"  ";"Personenfahrt";"17,20";"1,56";;"15,64";;"17,20";;;"SIGNIERT Gespeichert ";""
"9046 ";" 0984";"23.05.2025 07:53";"Barbeleg";"  ";"Personenfahrt";"11,00";"1,00";;"10,00";;"11,00";;;"SIGNIERT Gespeichert ";""
"9046 ";" 0985";"23.05.2025 08:43";"Pinpad-Zahlung";"Pinpad EuroCard 255721";"Personenfahrt";"42,00";"3,82";;"38,18";;"42,00";;;"SIGNIERT Exportiert ";""
"9046 ";" 0986";"23.05.2025 11:20";"Barbeleg";"  ";"Personenfahrt";"10,40";"0,95";;"9,45";;"10,40";;;"SIGNIERT Gespeichert ";""
"9046 ";" 0987";"23.05.2025 16:50";"Barbeleg";"  ";"Personenfahrt";"23,40";"2,13";;"21,27";;"23,40";;;"SIGNIERT Gespeichert ";""
"9046 ";" 0988";"23.05.2025 17:27";"Barbeleg";"  ";"Personenfahrt";"20,20";"1,84";;"18,36";;"20,20";;;"SIGNIERT Gespeichert ";""
"9046 ";" 0989";"23.05.2025 18:46";"Barbeleg";"  ";"Personenfahrt";"19,40";"1,76";;"17,64";;"19,40";;;"SIGNIERT Gespeichert ";""
"9046 ";" 0990";"24.05.2025 08:05";"Barbeleg";"  ";"Personenfahrt";"26,00";"2,36";;"23,64";;"26,00";;;"SIGNIERT Gespeichert ";""
"9046 ";" 0991";"24.05.2025 08:43";"Pinpad-Zahlung";"Pinpad EuroCard 288488";"Personenfahrt";"25,00";"2,11";;"21,09";"1,80";"25,00";;;"SIGNIERT Exportiert ";""
"9046 ";" 0992";"24.05.2025 11:14";"Barbeleg";"  ";"Personenfahrt";"12,60";"1,15";;"11,45";;"12,60";;;"SIGNIERT Gespeichert ";""
"9046 ";" 0993";"24.05.2025 11:34";"Barbeleg";"  ";"Personenfahrt";"11,20";"1,02";;"10,18";;"11,20";;;"SIGNIERT Gespeichert ";""
"9046 ";" 0994";"24.05.2025 12:02";"Barbeleg";"  ";"Personenfahrt";"24,40";"2,22";;"22,18";;"24,40";;;"SIGNIERT Gespeichert ";""
"9046 ";" 0995";"24.05.2025 13:18";"Barbeleg";"  ";"Personenfahrt";"12,00";"1,09";;"10,91";;"12,00";;;"SIGNIERT Gespeichert ";""
"9046 ";" 0996";"24.05.2025 15:39";"Barbeleg";"  ";"Personenfahrt";"16,40";"1,49";;"14,91";;"16,40";;;"SIGNIERT Gespeichert ";""
"9046 ";" 0997";"24.05.2025 17:57";"Pinpad-Zahlung";"Pinpad EuroCard 408772";"Personenfahrt";"42,00";"3,82";;"38,18";;"42,00";;;"SIGNIERT Exportiert ";""
"8464 ";" 0785";"19.05.2025 07:38";"Barbeleg";"  ";"Personenfahrt";"8,60";"0,78";;"7,82";;"8,60";;;"SIGNIERT Gespeichert ";""
"8464 ";" 0786";"19.05.2025 08:20";"Barbeleg";"  ";"Personenfahrt";"8,20";"0,75";;"7,45";;"8,20";;;"SIGNIERT Gespeichert ";""
"8464 ";" 0787";"19.05.2025 11:21";"Barbeleg";"  ";"Personenfahrt";"23,60";"2,15";;"21,45";;"23,60";;;"SIGNIERT Gespeichert ";""
"8464 ";" 0788";"19.05.2025 11:54";"Barbeleg";"  ";"Personenfahrt";"29,20";"2,65";;"26,55";;"29,20";;;"SIGNIERT Gespeichert ";""
"8464 ";" 0789";"19.05.2025 12:43";"Barbeleg";"  ";"Personenfahrt";"14,80";"1,35";;"13,45";;"14,80";;;"SIGNIERT Gespeichert ";""
"8464 ";" 0790";"19.05.2025 14:42";"Pinpad-Zahlung";"Pinpad EuroCard 641686";"Personenfahrt";"17,00";"1,55";;"15,45";;"17,00";;;"SIGNIERT Exportiert ";""
"8464 ";" 0791";"20.05.2025 16:09";"Barbeleg";"  ";"Personenfahrt";"22,80";"2,07";;"20,73";;"22,80";;;"SIGNIERT Gespeichert ";""
"8464 ";" 0792";"21.05.2025 06:51";"Barbeleg";"  ";"Personenfahrt";"14,20";"1,29";;"12,91";;"14,20";;;"SIGNIERT Gespeichert ";""
"8464 ";" 0793";"21.05.2025 09:05";"Barbeleg";"  ";"Personenfahrt";"16,80";"1,53";;"15,27";;"16,80";;;"SIGNIERT Gespeichert ";""
"8464 ";" 0794";"21.05.2025 10:45";"Pinpad-Zahlung";"Pinpad Diners 009004";"Personenfahrt";"21,00";"1,91";;"19,09";;"21,00";;;"SIGNIERT Exportiert ";""
"8464 ";" 0795";"21.05.2025 12:01";"Barbeleg";"  ";"Personenfahrt";"20,00";"1,82";;"18,18";;"20,00";;;"SIGNIERT Gespeichert ";""
"8464 ";" 0796";"21.05.2025 13:28";"Barbeleg";"  ";"Personenfahrt";"10,20";"0,93";;"9,27";;"10,20";;;"SIGNIERT Gespeichert ";""
"8464 ";" 0797";"21.05.2025 14:44";"Barbeleg";"  ";"Personenfahrt";"17,40";"1,58";;"15,82";;"17,40";;;"SIGNIERT Gespeichert ";""
"8464 ";" 0798";"21.05.2025 17:47";"Barbeleg";"  ";"Personenfahrt";"18,20";"1,65";;"16,55";;"18,20";;;"SIGNIERT Gespeichert ";""
"8464 ";" 0799";"22.05.2025 05:59";"Pinpad-Zahlung";"Pinpad EuroCard 476545";"Personenfahrt";"30,30";"2,75";;"27,55";;"30,30";;;"SIGNIERT Exportiert ";""
"8464 ";" 0800";"22.05.2025 06:24";"PaymentService-Zahlung";"APP-PAYMENT 4010P1882814";"Personenfahrt";"39,00";"3,55";;"35,45";;"39,00";;;"SIGNIERT Exportiert ";""
"8464 ";" 0801";"22.05.2025 09:03";"Barbeleg";"  ";"Personenfahrt";"34,00";"3,09";;"30,91";;"34,00";;;"SIGNIERT Gespeichert ";""
"8464 ";" 0802";"22.05.2025 09:28";"Barbeleg";"  ";"Personenfahrt";"14,60";"1,33";;"13,27";;"14,60";;;"SIGNIERT Gespeichert ";""
"8464 ";" 0803";"22.05.2025 17:03";"Barbeleg";"  ";"Personenfahrt";"19,20";"1,75";;"17,45";;"19,20";;;"SIGNIERT Gespeichert ";""
"8464 ";" 0804";"22.05.2025 17:45";"Barbeleg";"  ";"Personenfahrt";"21,40";"1,95";;"19,45";;"21,40";;;"SIGNIERT Gespeichert ";""
"8464 ";" 0805";"22.05.2025 18:37";"Barbeleg";"  ";"Personenfahrt";"10,60";"0,96";;"9,64";;"10,60";;;"SIGNIERT Gespeichert ";""
"8464 ";" 0806";"23.05.2025 06:54";"Barbeleg";"  ";"Personenfahrt";"12,60";"1,15";;"11,45";;"12,60";;;"SIGNIERT Gespeichert ";""
"8464 ";" 0807";"23.05.2025 11:32";"Barbeleg";"  ";"Personenfahrt";"11,00";"0,84";;"8,36";"1,80";"11,00";;;"SIGNIERT Gespeichert ";""
"8464 ";" 0808";"23.05.2025 13:45";"Barbeleg";"  ";"Personenfahrt";"10,20";"0,93";;"9,27";;"10,20";;;"SIGNIERT Gespeichert ";""
"8464 ";" 0809";"23.05.2025 19:43";"Barbeleg";"  ";"Personenfahrt";"12,20";"1,11";;"11,09";;"12,20";;;"SIGNIERT Gespeichert ";""
"8464 ";" 0810";"23.05.2025 21:17";"Barbeleg";"  ";"Personenfahrt";"15,40";"1,40";;"14,00";;"15,40";;;"SIGNIERT Gespeichert ";""
"8464 ";" 0811";"23.05.2025 22:10";"Barbeleg";"  ";"Personenfahrt";"15,20";"1,38";;"13,82";;"15,20";;;"SIGNIERT Gespeichert ";""
"8464 ";" 0812";"23.05.2025 23:48";"Pinpad-Zahlung";"Pinpad EuroCard 740950";"Personenfahrt";"36,70";"3,34";;"33,36";;"36,70";;;"SIGNIERT Exportiert ";""
"8464 ";" 0813";"24.05.2025 00:34";"Barbeleg";"  ";"Personenfahrt";"19,70";"1,79";;"17,91";;"19,70";;;"SIGNIERT Gespeichert ";""
"8464 ";" 0814";"24.05.2025 12:13";"Barbeleg";"  ";"Personenfahrt";"9,40";"0,85";;"8,55";;"9,40";;;"SIGNIERT Gespeichert ";""
"8464 ";" 0815";"24.05.2025 12:26";"Barbeleg";"  ";"Personenfahrt";"9,20";"0,84";;"8,36";;"9,20";;;"SIGNIERT Gespeichert ";""
"8464 ";" 0816";"25.05.2025 13:08";"Barbeleg";"  ";"Personenfahrt";"9,50";"0,86";;"8,64";;"9,50";;;"SIGNIERT Gespeichert ";""
"8464 ";" 0817";"25.05.2025 13:38";"Barbeleg";"  ";"Personenfahrt";"15,90";"1,45";;"14,45";;"15,90";;;"SIGNIERT Gespeichert ";""
"8464 ";" 0818";"25.05.2025 14:14";"Barbeleg";"  ";"Personenfahrt";"17,50";"1,59";;"15,91";;"17,50";;;"SIGNIERT Gespeichert ";""
"8036 ";" 0430";"19.05.2025 07:44";"Pinpad-Zahlung";"Pinpad EuroCard 966652";"Personenfahrt";"15,60";"1,42";;"14,18";;"15,60";;;"SIGNIERT Exportiert ";""
"8036 ";" 0431";"19.05.2025 09:11";"Barbeleg";"  ";"Personenfahrt";"12,00";"1,09";;"10,91";;"12,00";;;"SIGNIERT Gespeichert ";""
"8036 ";" 0432";"19.05.2025 17:19";"Barbeleg";"  ";"Personenfahrt";"20,00";"1,82";;"18,18";;"20,00";;;"SIGNIERT Gespeichert ";""
"8036 ";" 0433";"20.05.2025 07:34";"Barbeleg";"  ";"Personenfahrt";"10,00";"0,91";;"9,09";;"10,00";;;"SIGNIERT Gespeichert ";""
"8036 ";" 0434";"20.05.2025 08:53";"Barbeleg";"  ";"Personenfahrt";"15,00";"1,36";;"13,64";;"15,00";;;"SIGNIERT Gespeichert ";""
"8036 ";" 0435";"20.05.2025 09:36";"Barbeleg";"  ";"Personenfahrt";"42,00";"3,82";;"38,18";;"42,00";;;"SIGNIERT Gespeichert ";""
"8036 ";" 0436";"20.05.2025 11:44";"Pinpad-Zahlung";"Pinpad VISA 110307";"Personenfahrt";"13,00";"1,18";;"11,82";;"13,00";;;"SIGNIERT Exportiert ";""
"8036 ";" 0437";"20.05.2025 15:41";"Barbeleg";"  ";"Personenfahrt";"10,00";"0,91";;"9,09";;"10,00";;;"SIGNIERT Gespeichert ";""
"8036 ";" 0438";"20.05.2025 17:25";"Pinpad-Zahlung";"Pinpad EuroCard 579999";"Personenfahrt";"30,40";"2,76";;"27,64";;"30,40";;;"SIGNIERT Exportiert ";""
"8036 ";" 0439";"20.05.2025 18:55";"Pinpad-Zahlung";"Pinpad Amex 380958";"Personenfahrt";"26,60";"2,42";;"24,18";;"26,60";;;"SIGNIERT Exportiert ";""
"8036 ";" 0440";"21.05.2025 08:04";"Barbeleg";"  ";"Personenfahrt";"15,00";"1,36";;"13,64";;"15,00";;;"SIGNIERT Gespeichert ";""
"8036 ";" 0441";"21.05.2025 09:01";"Pinpad-Zahlung";"Pinpad EuroCard 654388";"Personenfahrt";"21,00";"1,91";;"19,09";;"21,00";;;"SIGNIERT Exportiert ";""
"8036 ";" 0442";"21.05.2025 18:31";"Barbeleg";"  ";"Personenfahrt";"13,40";"1,22";;"12,18";;"13,40";;;"SIGNIERT Gespeichert ";""
"8036 ";" 0443";"22.05.2025 07:43";"Pinpad-Zahlung";"Pinpad VISA 027879";"Personenfahrt";"42,00";"3,82";;"38,18";;"42,00";;;"SIGNIERT Exportiert ";""
"8036 ";" 0444";"22.05.2025 15:58";"Barbeleg";"  ";"Personenfahrt";"10,00";"0,91";;"9,09";;"10,00";;;"SIGNIERT Gespeichert ";""
"8036 ";" 0445";"22.05.2025 18:53";"Pinpad-Zahlung";"Pinpad EuroCard 838249";"Personenfahrt";"12,00";"1,09";;"10,91";;"12,00";;;"SIGNIERT Exportiert ";""
"8036 ";" 0446";"23.05.2025 07:17";"Barbeleg";"  ";"Personenfahrt";"8,00";"0,73";;"7,27";;"8,00";;;"SIGNIERT Gespeichert ";""
"8036 ";" 0447";"23.05.2025 08:34";"Barbeleg";"  ";"Personenfahrt";"12,00";"1,09";;"10,91";;"12,00";;;"SIGNIERT Gespeichert ";""
"8036 ";" 0448";"23.05.2025 10:52";"Barbeleg";"  ";"Personenfahrt";"10,00";"0,91";;"9,09";;"10,00";;;"SIGNIERT Gespeichert ";""
"8036 ";" 0449";"24.05.2025 11:18";"Barbeleg";"  ";"Personenfahrt";"9,00";"0,82";;"8,18";;"9,00";;;"SIGNIERT Gespeichert ";""
"8036 ";" 0450";"24.05.2025 14:16";"Pinpad-Zahlung";"Pinpad VISA 041450";"Personenfahrt";"19,20";"1,75";;"17,45";;"19,20";;;"SIGNIERT Exportiert ";""
"8036 ";" 0451";"24.05.2025 14:49";"Barbeleg";"  ";"Personenfahrt";"11,00";"1,00";;"10,00";;"11,00";;;"SIGNIERT Gespeichert ";""
"8036 ";" 0452";"24.05.2025 17:57";"Barbeleg";"  ";"Personenfahrt";"42,00";"3,82";;"38,18";;"42,00";;;"SIGNIERT Gespeichert ";""
"7846 ";" 0893";"19.05.2025 07:57";"Barbeleg";"  ";"Personenfahrt";"42,00";"3,82";;"38,18";;"42,00";;;"SIGNIERT Gespeichert ";""
"7846 ";" 0894";"19.05.2025 09:04";"Pinpad-Zahlung";"Pinpad EuroCard 536831";"Personenfahrt";"33,80";"2,71";;"27,09";"4,00";"33,80";;;"SIGNIERT Exportiert ";""
"7846 ";" 0895";"19.05.2025 11:55";"Pinpad-Zahlung";"Pinpad EuroCard 360298";"Personenfahrt";"13,40";"1,04";;"10,36";"2,00";"13,40";;;"SIGNIERT Exportiert ";""
"7846 ";" 0896";"19.05.2025 13:20";"PaymentService-Zahlung";"APP-PAYMENT 4010V1878553";"Personenfahrt";"7,30";"0,66";;"6,64";;"7,30";;;"SIGNIERT Exportiert ";""
"7846 ";" 0897";"20.05.2025 08:59";"Pinpad-Zahlung";"Pinpad EuroCard 097388";"Personenfahrt";"44,00";"4,00";;"40,00";;"44,00";;;"SIGNIERT Exportiert ";""
"7846 ";" 0898";"20.05.2025 11:39";"Barbeleg";"  ";"Personenfahrt";"25,00";"2,27";;"22,73";;"25,00";;;"SIGNIERT Gespeichert ";""
"7846 ";" 0899";"20.05.2025 17:02";"Barbeleg";"  ";"Personenfahrt";"24,00";"2,18";;"21,82";;"24,00";;;"SIGNIERT Gespeichert ";""
"7846 ";" 0900";"20.05.2025 17:53";"Barbeleg";"  ";"Personenfahrt";"20,00";"1,67";;"16,73";"1,60";"20,00";;;"SIGNIERT Gespeichert ";""
"7846 ";" 0901";"20.05.2025 18:00";"Barbeleg";"  ";"Personenfahrt";"15,80";"1,44";;"14,36";;"15,80";;;"SIGNIERT Gespeichert ";""
"7846 ";" 0902";"21.05.2025 08:08";"Barbeleg";"  ";"Personenfahrt";"21,00";"1,91";;"19,09";;"21,00";;;"SIGNIERT Gespeichert ";""
"7846 ";" 0903";"21.05.2025 09:43";"Pinpad-Zahlung";"Pinpad EuroCard 207477";"Personenfahrt";"22,00";"2,00";;"20,00";;"22,00";;;"SIGNIERT Exportiert ";""
"7846 ";" 0904";"21.05.2025 16:32";"Barbeleg";"  ";"Personenfahrt";"33,00";"2,62";;"26,18";"4,20";"33,00";;;"SIGNIERT Gespeichert ";""
"7846 ";" 0905";"22.05.2025 07:38";"Barbeleg";"  ";"Personenfahrt";"13,90";"1,26";;"12,64";;"13,90";;;"SIGNIERT Gespeichert ";""
"7846 ";" 0906";"22.05.2025 08:09";"Pinpad-Zahlung";"Pinpad VISA 917620";"Personenfahrt";"17,60";"1,60";;"16,00";;"17,60";;;"SIGNIERT Exportiert ";""
"7846 ";" 0907";"22.05.2025 08:56";"Barbeleg";"  ";"Personenfahrt";"10,80";"0,98";;"9,82";;"10,80";;;"SIGNIERT Gespeichert ";""
"7846 ";" 0908";"22.05.2025 08:57";"Barbeleg";"  ";"Personenfahrt";"13,60";"1,24";;"12,36";;"13,60";;;"SIGNIERT Gespeichert ";""
"7846 ";" 0909";"22.05.2025 09:57";"Barbeleg";"  ";"Personenfahrt";"15,80";"1,44";;"14,36";;"15,80";;;"SIGNIERT Gespeichert ";""
"7846 ";" 0910";"22.05.2025 15:14";"Barbeleg";"  ";"Personenfahrt";"10,80";"0,98";;"9,82";;"10,80";;;"SIGNIERT Gespeichert ";""
"7846 ";" 0911";"22.05.2025 15:52";"Pinpad-Zahlung";"Pinpad EuroCard 137101";"Personenfahrt";"29,00";"2,44";;"24,36";"2,20";"29,00";;;"SIGNIERT Exportiert ";""
"7846 ";" 0912";"22.05.2025 16:27";"Barbeleg";"  ";"Personenfahrt";"12,80";"1,16";;"11,64";;"12,80";;;"SIGNIERT Gespeichert ";""
"7846 ";" 0913";"22.05.2025 16:53";"Pinpad-Zahlung";"Pinpad EuroCard 806837";"Personenfahrt";"10,00";"0,80";;"8,00";"1,20";"10,00";;;"SIGNIERT Exportiert ";""
"7846 ";" 0914";"22.05.2025 17:45";"Barbeleg";"  ";"Personenfahrt";"36,00";"3,16";;"31,64";"1,20";"36,00";;;"SIGNIERT Gespeichert ";""
"7846 ";" 0915";"22.05.2025 18:03";"Barbeleg";"  ";"Personenfahrt";"11,80";"1,07";;"10,73";;"11,80";;;"SIGNIERT Gespeichert ";""
"7846 ";" 0916";"23.05.2025 07:58";"Barbeleg";"  ";"Personenfahrt";"49,00";"4,45";;"44,55";;"49,00";;;"SIGNIERT Gespeichert ";""
"7846 ";" 0917";"23.05.2025 09:22";"Barbeleg";"  ";"Personenfahrt";"17,20";"1,56";;"15,64";;"17,20";;;"SIGNIERT Gespeichert ";""
"7846 ";" 0918";"23.05.2025 16:32";"Pinpad-Zahlung";"Pinpad EuroCard 063285";"Personenfahrt";"50,00";"4,44";;"44,36";"1,20";"50,00";;;"SIGNIERT Exportiert ";""
"7846 ";" 0919";"23.05.2025 18:10";"Barbeleg";"  ";"Personenfahrt";"18,80";"1,71";;"17,09";;"18,80";;;"SIGNIERT Gespeichert ";""
"7846 ";" 0920";"24.05.2025 09:21";"Barbeleg";"  ";"Personenfahrt";"10,00";"0,91";;"9,09";;"10,00";;;"SIGNIERT Gespeichert ";""
"7846 ";" 0921";"24.05.2025 10:59";"PaymentService-Zahlung";"APP-PAYMENT 4010V1886516";"Personenfahrt";"39,00";"3,55";;"35,45";;"39,00";;;"SIGNIERT Exportiert ";""
"7846 ";" 0922";"24.05.2025 11:28";"Pinpad-Zahlung";"Pinpad EuroCard 875565";"Personenfahrt";"17,00";"1,55";;"15,45";;"17,00";;;"SIGNIERT Exportiert ";""
"7846 ";" 0923";"24.05.2025 12:23";"Pinpad-Zahlung";"Pinpad VISA 610562";"Personenfahrt";"42,00";"3,82";;"38,18";;"42,00";;;"SIGNIERT Exportiert ";""
"700 ";" 0553";"22.05.2025 23:55";"Barbeleg";"  ";"Personenfahrt";"14,30";"1,30";;"13,00";;"14,30";;;"SIGNIERT Gespeichert ";""
"700 ";" 0554";"23.05.2025 00:39";"Pinpad-Zahlung";"Pinpad EuroCard 927360";"Personenfahrt";"1,00";"0,09";;"0,91";;"1,00";;;"SIGNIERT Exportiert ";""
"700 ";" 0555";"23.05.2025 01:18";"Pinpad-Zahlung";"Pinpad EuroCard 786241";"Personenfahrt";"19,90";"1,81";;"18,09";;"19,90";;;"SIGNIERT Exportiert ";""
"700 ";" 0556";"23.05.2025 02:05";"Barbeleg";"  ";"Personenfahrt";"38,60";"3,51";;"35,09";;"38,60";;;"SIGNIERT Gespeichert ";""
"700 ";" 0557";"23.05.2025 03:05";"Barbeleg";"  ";"Personenfahrt";"36,70";"3,34";;"33,36";;"36,70";;;"SIGNIERT Gespeichert ";""
"700 ";" 0558";"23.05.2025 03:29";"Barbeleg";"  ";"Personenfahrt";"18,90";"1,72";;"17,18";;"18,90";;;"SIGNIERT Gespeichert ";""
"700 ";" 0559";"24.05.2025 13:23";"Barbeleg";"  ";"Personenfahrt";"11,00";"1,00";;"10,00";;"11,00";;;"SIGNIERT Gespeichert ";""
"700 ";" 0560";"24.05.2025 13:59";"Barbeleg";"  ";"Personenfahrt";"12,40";"1,13";;"11,27";;"12,40";;;"SIGNIERT Gespeichert ";""
"700 ";" 0561";"24.05.2025 14:40";"Barbeleg";"  ";"Personenfahrt";"20,00";"1,82";;"18,18";;"20,00";;;"SIGNIERT Gespeichert ";""
"700 ";" 0562";"24.05.2025 15:23";"Barbeleg";"  ";"Botenfahrt";"15,80";;"2,63";"13,17";;"15,80";;;"SIGNIERT Gespeichert ";""
"700 ";" 0563";"24.05.2025 16:37";"Barbeleg";"  ";"Personenfahrt";"25,40";"2,31";;"23,09";;"25,40";;;"SIGNIERT Gespeichert ";""
"700 ";" 0564";"24.05.2025 17:56";"Barbeleg";"  ";"Personenfahrt";"7,20";"0,65";;"6,55";;"7,20";;;"SIGNIERT Gespeichert ";""
"700 ";" 0565";"24.05.2025 18:26";"Barbeleg";"  ";"Personenfahrt";"10,30";"0,94";;"9,36";;"10,30";;;"SIGNIERT Gespeichert ";""
"700 ";" 0566";"24.05.2025 20:08";"Barbeleg";"  ";"Personenfahrt";"24,90";"2,26";;"22,64";;"24,90";;;"SIGNIERT Gespeichert ";""
"700 ";" 0567";"24.05.2025 20:34";"Barbeleg";"  ";"Personenfahrt";"20,00";"1,82";;"18,18";;"20,00";;;"SIGNIERT Gespeichert ";""
"700 ";" 0568";"24.05.2025 22:26";"Barbeleg";"  ";"Personenfahrt";"6,60";"0,60";;"6,00";;"6,60";;;"SIGNIERT Gespeichert ";""
"700 ";" 0569";"24.05.2025 23:12";"Barbeleg";"  ";"Personenfahrt";"23,20";"2,11";;"21,09";;"23,20";;;"SIGNIERT Gespeichert ";""
"700 ";" 0570";"24.05.2025 23:53";"Barbeleg";"  ";"Personenfahrt";"8,40";"0,76";;"7,64";;"8,40";;;"SIGNIERT Gespeichert ";""
"700 ";" 0571";"25.05.2025 00:40";"Barbeleg";"  ";"Personenfahrt";"18,00";"1,64";;"16,36";;"18,00";;;"SIGNIERT Gespeichert ";""
"700 ";" 0572";"25.05.2025 01:12";"Pinpad-Zahlung";"Pinpad EuroCard 859427";"Personenfahrt";"28,00";"2,55";;"25,45";;"28,00";;;"SIGNIERT Exportiert ";""
"700 ";" 0573";"25.05.2025 02:13";"Pinpad-Zahlung";"Pinpad EuroCard 904865";"Personenfahrt";"19,30";"1,75";;"17,55";;"19,30";;;"SIGNIERT Exportiert ";""
"700 ";" 0574";"25.05.2025 05:25";"Barbeleg";"  ";"Personenfahrt";"6,00";"0,55";;"5,45";;"6,00";;;"SIGNIERT Gespeichert ";""
"700 ";" 0575";"25.05.2025 17:58";"Barbeleg";"  ";"Personenfahrt";"9,20";"0,84";;"8,36";;"9,20";;;"SIGNIERT Gespeichert ";""
"700 ";" 0576";"25.05.2025 18:46";"Barbeleg";"  ";"Personenfahrt";"26,50";"2,41";;"24,09";;"26,50";;;"SIGNIERT Gespeichert ";""
"700 ";" 0577";"25.05.2025 20:12";"Pinpad-Zahlung";"Pinpad EuroCard 846503";"Personenfahrt";"25,00";"2,27";;"22,73";;"25,00";;;"SIGNIERT Exportiert ";""
"700 ";" 0578";"25.05.2025 20:48";"Pinpad-Zahlung";"Pinpad EuroCard R86643";"Personenfahrt";"60,00";"5,45";;"54,55";;"60,00";;;"SIGNIERT Exportiert ";""
"700 ";" 0579";"25.05.2025 22:15";"Barbeleg";"  ";"Personenfahrt";"20,10";"1,83";;"18,27";;"20,10";;;"SIGNIERT Gespeichert ";""
"700 ";" 0580";"25.05.2025 22:39";"Barbeleg";"  ";"Personenfahrt";"8,20";"0,75";;"7,45";;"8,20";;;"SIGNIERT Gespeichert ";""
"700 ";" 0581";"25.05.2025 23:08";"Barbeleg";"  ";"Personenfahrt";"10,40";"0,95";;"9,45";;"10,40";;;"SIGNIERT Gespeichert ";""
"6667 ";" 0781";"19.05.2025 08:11";"Barbeleg";"  ";"Personenfahrt";"13,80";"1,25";;"12,55";;"13,80";;;"SIGNIERT Gespeichert ";""
"6667 ";" 0782";"19.05.2025 08:48";"Pinpad-Zahlung";"Pinpad EuroCard 461939";"Personenfahrt";"17,50";"1,59";;"15,91";;"17,50";;;"SIGNIERT Exportiert ";""
"6667 ";" 0783";"19.05.2025 09:42";"Pinpad-Zahlung";"Pinpad EuroCard 094228";"Personenfahrt";"15,00";"1,36";;"13,64";;"15,00";;;"SIGNIERT Exportiert ";""
"6667 ";" 0784";"19.05.2025 10:30";"Barbeleg";"  ";"Personenfahrt";"8,00";"0,73";;"7,27";;"8,00";;;"SIGNIERT - Ersatzbeleg nacherfasst Gespeichert ";""
"6667 ";" 0785";"19.05.2025 12:53";"Barbeleg";"  ";"Personenfahrt";"9,60";"0,87";;"8,73";;"9,60";;;"SIGNIERT Gespeichert ";""
"6667 ";" 0786";"19.05.2025 13:29";"Barbeleg";"  ";"Personenfahrt";"22,00";"2,00";;"20,00";;"22,00";;;"SIGNIERT Gespeichert ";""
"6667 ";" 0787";"20.05.2025 08:49";"Barbeleg";"  ";"Personenfahrt";"20,00";"1,82";;"18,18";;"20,00";;;"SIGNIERT Gespeichert ";""
"6667 ";" 0788";"20.05.2025 10:47";"Barbeleg";"  ";"Personenfahrt";"23,00";"2,09";;"20,91";;"23,00";;;"SIGNIERT Gespeichert ";""
"6667 ";" 0789";"20.05.2025 11:18";"Pinpad-Zahlung";"Pinpad EuroCard 965549";"Botenfahrt";"21,80";;"3,63";"18,17";;"21,80";;;"SIGNIERT Exportiert ";""
"6667 ";" 0790";"20.05.2025 13:26";"Pinpad-Zahlung";"Pinpad EuroCard 611691";"Personenfahrt";"13,00";"1,18";;"11,82";;"13,00";;;"SIGNIERT Exportiert ";""
"6667 ";" 0791";"20.05.2025 13:56";"Barbeleg";"  ";"Botenfahrt";"15,80";;"2,63";"13,17";;"15,80";;;"SIGNIERT Gespeichert ";""
"6667 ";" 0792";"20.05.2025 14:54";"Pinpad-Zahlung";"Pinpad EuroCard 199761";"Personenfahrt";"23,00";"2,09";;"20,91";;"23,00";;;"SIGNIERT Exportiert ";""
"6667 ";" 0793";"20.05.2025 16:50";"Barbeleg";"  ";"Personenfahrt";"18,80";"1,71";;"17,09";;"18,80";;;"SIGNIERT Gespeichert ";""
"6667 ";" 0794";"20.05.2025 17:40";"Pinpad-Zahlung";"Pinpad EuroCard 709443";"Personenfahrt";"18,10";"1,65";;"16,45";;"18,10";;;"SIGNIERT Exportiert ";""
"6667 ";" 0795";"21.05.2025 07:46";"Barbeleg";"  ";"Botenfahrt";"15,80";;"2,63";"13,17";;"15,80";;;"SIGNIERT Gespeichert ";""
"6667 ";" 0796";"21.05.2025 10:25";"Barbeleg";"  ";"Personenfahrt";"28,00";"2,55";;"25,45";;"28,00";;;"SIGNIERT Gespeichert ";""
"6667 ";" 0797";"21.05.2025 10:52";"Barbeleg";"  ";"Botenfahrt";"21,80";;"3,63";"18,17";;"21,80";;;"SIGNIERT Gespeichert ";""
"6667 ";" 0798";"21.05.2025 12:51";"Barbeleg";"  ";"Botenfahrt";"15,80";;"2,63";"13,17";;"15,80";;;"SIGNIERT Gespeichert ";""
"6667 ";" 0799";"21.05.2025 13:45";"Barbeleg";"  ";"Personenfahrt";"19,20";"1,75";;"17,45";;"19,20";;;"SIGNIERT Gespeichert ";""
"6667 ";" 0800";"21.05.2025 14:07";"Barbeleg";"  ";"Personenfahrt";"15,20";"1,38";;"13,82";;"15,20";;;"SIGNIERT Gespeichert ";""
"6667 ";" 0801";"21.05.2025 14:21";"Barbeleg";"  ";"Personenfahrt";"9,40";"0,85";;"8,55";;"9,40";;;"SIGNIERT Gespeichert ";""
"6667 ";" 0802";"22.05.2025 08:40";"Pinpad-Zahlung";"Pinpad EuroCard 972487";"Personenfahrt";"39,00";"3,55";;"35,45";;"39,00";;;"SIGNIERT Exportiert ";""
"6667 ";" 0803";"22.05.2025 08:53";"Barbeleg";"  ";"Botenfahrt";"15,80";;"2,63";"13,17";;"15,80";;;"SIGNIERT Gespeichert ";""
"6667 ";" 0804";"22.05.2025 09:25";"Barbeleg";"  ";"Botenfahrt";"25,80";;"4,30";"21,50";;"25,80";;;"SIGNIERT Gespeichert ";""
"6667 ";" 0805";"22.05.2025 09:51";"Pinpad-Zahlung";"Pinpad EuroCard 664121";"Personenfahrt";"26,00";"2,36";;"23,64";;"26,00";;;"SIGNIERT Exportiert ";""
"6667 ";" 0806";"22.05.2025 10:34";"Barbeleg";"  ";"Personenfahrt";"15,00";"1,36";;"13,64";;"15,00";;;"SIGNIERT Gespeichert ";""
"6667 ";" 0807";"22.05.2025 11:29";"Barbeleg";"  ";"Personenfahrt";"15,40";"1,40";;"14,00";;"15,40";;;"SIGNIERT Gespeichert ";""
"6667 ";" 0808";"22.05.2025 12:13";"Barbeleg";"  ";"Personenfahrt";"26,00";"2,36";;"23,64";;"26,00";;;"SIGNIERT Gespeichert ";""
"6667 ";" 0809";"22.05.2025 12:57";"Barbeleg";"  ";"Personenfahrt";"15,00";"1,36";;"13,64";;"15,00";;;"SIGNIERT Gespeichert ";""
"6667 ";" 0810";"22.05.2025 13:50";"Barbeleg";"  ";"Personenfahrt";"1420,00";"129,09";;"1290,91";;"1420,00";;;"SIGNIERT Storniert 26.05.25 21:20";"falsch eingabe"
"6667 ";" 0811";"22.05.2025 14:13";"Pinpad-Zahlung";"Pinpad EuroCard 641328";"Personenfahrt";"14,00";"1,27";;"12,73";;"14,00";;;"SIGNIERT Exportiert ";""
"6667 ";" 0812";"22.05.2025 15:07";"Pinpad-Zahlung";"Pinpad EuroCard 008113";"Personenfahrt";"35,00";"3,18";;"31,82";;"35,00";;;"SIGNIERT Exportiert ";""
"6667 ";" 0813";"22.05.2025 16:45";"Barbeleg";"  ";"Personenfahrt";"11,10";"1,01";;"10,09";;"11,10";;;"SIGNIERT Gespeichert ";""
"6667 ";" 0814";"22.05.2025 17:08";"Pinpad-Zahlung";"Pinpad EuroCard 085684";"Personenfahrt";"16,00";"1,45";;"14,55";;"16,00";;;"SIGNIERT Exportiert ";""
"6667 ";" 0815";"22.05.2025 17:33";"Barbeleg";"  ";"Personenfahrt";"22,00";"2,00";;"20,00";;"22,00";;;"SIGNIERT Gespeichert ";""
"6667 ";" 0816";"23.05.2025 08:34";"Barbeleg";"  ";"Personenfahrt";"11,20";"1,02";;"10,18";;"11,20";;;"SIGNIERT Gespeichert ";""
"6667 ";" 0817";"23.05.2025 09:30";"Pinpad-Zahlung";"Pinpad Diners 009516";"Personenfahrt";"22,00";"2,00";;"20,00";;"22,00";;;"SIGNIERT Exportiert ";""
"6667 ";" 0818";"23.05.2025 10:49";"Pinpad-Zahlung";"Pinpad VISA 066898";"Botenfahrt";"38,00";;"6,33";"31,67";;"38,00";;;"SIGNIERT Exportiert ";""
"6667 ";" 0819";"23.05.2025 12:12";"Barbeleg";"  ";"Personenfahrt";"10,40";"0,95";;"9,45";;"10,40";;;"SIGNIERT Gespeichert ";""
"6667 ";" 0820";"23.05.2025 12:47";"Barbeleg";"  ";"Personenfahrt";"22,60";"2,05";;"20,55";;"22,60";;;"SIGNIERT Gespeichert ";""
"6667 ";" 0821";"23.05.2025 14:02";"Barbeleg";"  ";"Personenfahrt";"18,00";"1,64";;"16,36";;"18,00";;;"SIGNIERT Gespeichert ";""
"6667 ";" 0822";"23.05.2025 14:34";"Barbeleg";"  ";"Personenfahrt";"12,40";"1,13";;"11,27";;"12,40";;;"SIGNIERT Gespeichert ";""
"6667 ";" 0823";"23.05.2025 14:58";"PaymentService-Zahlung";"APP-PAYMENT 4010V1885362";"Personenfahrt";"10,90";"0,99";;"9,91";;"10,90";;;"SIGNIERT Exportiert ";""
"6667 ";" 0824";"23.05.2025 16:31";"Barbeleg";"  ";"Personenfahrt";"19,80";"1,80";;"18,00";;"19,80";;;"SIGNIERT Gespeichert ";""
"6667 ";" 0825";"23.05.2025 16:49";"Barbeleg";"  ";"Personenfahrt";"9,90";"0,90";;"9,00";;"9,90";;;"SIGNIERT Gespeichert ";""
"6667 ";" 0826";"23.05.2025 17:10";"PaymentService-Zahlung";"APP-PAYMENT 4010V1885530";"Personenfahrt";"14,49";"1,15";;"11,45";"1,89";"14,49";;;"SIGNIERT Exportiert ";""
"6667 ";" 0827";"23.05.2025 18:08";"PaymentService-Zahlung";"APP-PAYMENT 4010P1885641";"Personenfahrt";"24,00";"1,97";;"19,73";"2,30";"24,00";;;"SIGNIERT Exportiert ";""
"6667 ";" 0828";"24.05.2025 11:38";"Barbeleg";"  ";"Personenfahrt";"20,20";"1,84";;"18,36";;"20,20";;;"SIGNIERT Gespeichert ";""
"6667 ";" 0829";"24.05.2025 14:01";"Pinpad-Zahlung";"Pinpad EuroCard 460898";"Personenfahrt";"34,00";"3,09";;"30,91";;"34,00";;;"SIGNIERT Exportiert ";""
"6667 ";" 0830";"24.05.2025 17:37";"Barbeleg";"  ";"Personenfahrt";"25,00";"2,27";;"22,73";;"25,00";;;"SIGNIERT Gespeichert ";""
"6667 ";" 0831";"24.05.2025 18:29";"Barbeleg";"  ";"Personenfahrt";"22,80";"2,07";;"20,73";;"22,80";;;"SIGNIERT Gespeichert ";""
"6667 ";" 0832";"24.05.2025 18:56";"PaymentService-Zahlung";"APP-PAYMENT 4010V1886966";"Personenfahrt";"13,50";"1,23";;"12,27";;"13,50";;;"SIGNIERT Exportiert ";""
"6667 ";" 0833";"25.05.2025 10:24";"Barbeleg";"  ";"Personenfahrt";"21,90";"1,99";;"19,91";;"21,90";;;"SIGNIERT Gespeichert ";""
"6667 ";" 0834";"25.05.2025 10:42";"Pinpad-Zahlung";"Pinpad VISA 08238C";"Personenfahrt";"29,70";"2,70";;"27,00";;"29,70";;;"SIGNIERT Exportiert ";""
"6667 ";" 0835";"25.05.2025 11:12";"Barbeleg";"  ";"Personenfahrt";"22,90";"2,08";;"20,82";;"22,90";;;"SIGNIERT Gespeichert ";""
"6667 ";" 0836";"25.05.2025 12:22";"Pinpad-Zahlung";"Pinpad EuroCard 529326";"Personenfahrt";"14,00";"1,27";;"12,73";;"14,00";;;"SIGNIERT Exportiert ";""
"6667 ";" 0837";"25.05.2025 12:49";"Barbeleg";"  ";"Personenfahrt";"12,00";"1,09";;"10,91";;"12,00";;;"SIGNIERT Gespeichert ";""
"6667 ";" 0838";"25.05.2025 13:25";"Barbeleg";"  ";"Personenfahrt";"13,30";"1,21";;"12,09";;"13,30";;;"SIGNIERT Gespeichert ";""
"6667 ";" 0839";"25.05.2025 14:48";"Barbeleg";"  ";"Personenfahrt";"29,00";"2,64";;"26,36";;"29,00";;;"SIGNIERT Gespeichert ";""
"595BTX ";" 0013";"20.05.2025 19:14";"Monatsabschluss";"  ";"";"0,00";;;;;;;;"SIGNIERT Gespeichert ";"MONATSABSCHLUSSBELEG 2025/4"
"595BTX ";" 0014";"20.05.2025 19:43";"Barbeleg";"  ";"Personenfahrt";"10,00";"0,91";;"9,09";;"10,00";;;"SIGNIERT Gespeichert ";""
"595BTX ";" 0015";"20.05.2025 19:56";"Barbeleg";"  ";"Personenfahrt";"1,00";"0,09";;"0,91";;"1,00";;;"SIGNIERT Gespeichert ";""
"594BTX ";" 0027";"22.05.2025 15:01";"Barbeleg";"  ";"Personenfahrt";"16,00";"1,45";;"14,55";;"16,00";;;"SIGNIERT Gespeichert ";""
"590BTX ";" 1183";"19.05.2025 10:02";"Storno PaymentService-Zahlung  1174";"APP-PAYMENT 4010V1875251";"Personenfahrt";"-26,70";"-2,43";;"-24,27";;"-26,70";;;"SIGNIERT Storniert ";"Kunde ist nicht gefahren! "
"590BTX ";" 1184";"19.05.2025 17:07";"Pinpad-Zahlung";"Pinpad AMERICAN EXPRESS 811411";"Personenfahrt";"32,00";"2,91";;"29,09";;"32,00";;;"SIGNIERT Exportiert ";""
"590BTX ";" 1185";"19.05.2025 18:39";"Barbeleg";"  ";"Personenfahrt";"15,00";"1,36";;"13,64";;"15,00";;;"SIGNIERT Gespeichert ";""
"590BTX ";" 1186";"19.05.2025 22:49";"PaymentService-Zahlung";"APP-PAYMENT 4010V1879123";"Personenfahrt";"13,90";"1,26";;"12,64";;"13,90";;;"SIGNIERT Exportiert ";""
"590BTX ";" 1187";"19.05.2025 23:19";"PaymentService-Zahlung";"APP-PAYMENT 4010P1879188";"Personenfahrt";"15,50";"1,41";;"14,09";;"15,50";;;"SIGNIERT Exportiert ";""
"590BTX ";" 1188";"20.05.2025 08:54";"Pinpad-Zahlung";"Pinpad MasterCard 867101";"Personenfahrt";"35,00";"3,18";;"31,82";;"35,00";;;"SIGNIERT Exportiert ";""
"590BTX ";" 1189";"20.05.2025 22:27";"Barbeleg";"  ";"Personenfahrt";"32,00";"2,91";;"29,09";;"32,00";;;"SIGNIERT Gespeichert ";""
"590BTX ";" 1190";"21.05.2025 01:46";"Pinpad-Zahlung";"Pinpad MasterCard 323793";"Personenfahrt";"20,00";"1,82";;"18,18";;"20,00";;;"SIGNIERT Exportiert ";""
"590BTX ";" 1191";"21.05.2025 16:24";"Barbeleg";"  ";"Personenfahrt";"52,00";"4,73";;"47,27";;"52,00";;;"SIGNIERT Gespeichert ";""
"590BTX ";" 1192";"21.05.2025 20:07";"Pinpad-Zahlung";"Pinpad MasterCard 777107";"Personenfahrt";"45,00";"4,09";;"40,91";;"45,00";;;"SIGNIERT Exportiert ";""
"590BTX ";" 1193";"21.05.2025 23:25";"Pinpad-Zahlung";"Pinpad MasterCard 496635";"Personenfahrt";"44,00";"4,00";;"40,00";;"44,00";;;"SIGNIERT Exportiert ";""
"590BTX ";" 1194";"22.05.2025 00:34";"Barbeleg";"  ";"Personenfahrt";"18,00";"1,64";;"16,36";;"18,00";;;"SIGNIERT Gespeichert ";""
"590BTX ";" 1195";"22.05.2025 16:00";"Pinpad-Zahlung";"Pinpad MasterCard 793205";"Personenfahrt";"14,00";"1,27";;"12,73";;"14,00";;;"SIGNIERT Exportiert ";""
"590BTX ";" 1196";"22.05.2025 16:44";"Pinpad-Zahlung";"Pinpad MasterCard 867761";"Personenfahrt";"28,20";"2,56";;"25,64";;"28,20";;;"SIGNIERT Exportiert ";""
"590BTX ";" 1197";"22.05.2025 17:03";"Pinpad-Zahlung";"Pinpad MasterCard 443828";"Personenfahrt";"10,00";"0,91";;"9,09";;"10,00";;;"SIGNIERT Exportiert ";""
"590BTX ";" 1198";"22.05.2025 18:48";"Barbeleg";"  ";"Personenfahrt";"26,00";"2,36";;"23,64";;"26,00";;;"SIGNIERT Gespeichert ";""
"590BTX ";" 1199";"22.05.2025 19:56";"Pinpad-Zahlung";"Pinpad VISA 021775";"Personenfahrt";"45,00";"4,09";;"40,91";;"45,00";;;"SIGNIERT Exportiert ";""
"590BTX ";" 1200";"22.05.2025 22:34";"Pinpad-Zahlung";"Pinpad MasterCard 521481";"Personenfahrt";"17,00";"1,55";;"15,45";;"17,00";;;"SIGNIERT Exportiert ";""
"590BTX ";" 1201";"22.05.2025 23:03";"Barbeleg";"  ";"Personenfahrt";"14,00";"1,27";;"12,73";;"14,00";;;"SIGNIERT Gespeichert ";""
"590BTX ";" 1202";"23.05.2025 00:31";"Pinpad-Zahlung";"Pinpad MasterCard 955431";"Personenfahrt";"15,00";"1,36";;"13,64";;"15,00";;;"SIGNIERT Exportiert ";""
"590BTX ";" 1203";"23.05.2025 02:10";"Pinpad-Zahlung";"Pinpad MasterCard 929889";"Personenfahrt";"55,00";"5,00";;"50,00";;"55,00";;;"SIGNIERT Exportiert ";""
"590BTX ";" 1204";"23.05.2025 03:15";"Pinpad-Zahlung";"Pinpad MasterCard 697007";"Personenfahrt";"9,90";"0,90";;"9,00";;"9,90";;;"SIGNIERT Exportiert ";""
"590BTX ";" 1205";"23.05.2025 18:13";"Pinpad-Zahlung";"Pinpad MasterCard 696778";"Personenfahrt";"17,00";"1,55";;"15,45";;"17,00";;;"SIGNIERT Exportiert ";""
"590BTX ";" 1206";"23.05.2025 20:36";"Pinpad-Zahlung";"Pinpad MasterCard 864099";"Personenfahrt";"27,00";"2,45";;"24,55";;"27,00";;;"SIGNIERT Exportiert ";""
"590BTX ";" 1207";"23.05.2025 21:24";"Pinpad-Zahlung";"Pinpad MasterCard 010083";"Personenfahrt";"25,00";"2,27";;"22,73";;"25,00";;;"SIGNIERT Exportiert ";""
"590BTX ";" 1208";"23.05.2025 22:57";"Pinpad-Zahlung";"Pinpad VISA 225750";"Personenfahrt";"28,40";"2,58";;"25,82";;"28,40";;;"SIGNIERT Exportiert ";""
"590BTX ";" 1209";"24.05.2025 02:11";"Pinpad-Zahlung";"Pinpad MasterCard 217465";"Personenfahrt";"20,00";"1,82";;"18,18";;"20,00";;;"SIGNIERT Exportiert ";""
"590BTX ";" 1210";"24.05.2025 02:28";"Pinpad-Zahlung";"Pinpad MasterCard 478685";"Personenfahrt";"15,00";"1,36";;"13,64";;"15,00";;;"SIGNIERT Exportiert ";""
"590BTX ";" 1211";"24.05.2025 04:46";"Pinpad-Zahlung";"Pinpad MasterCard 348037";"Personenfahrt";"16,00";"1,45";;"14,55";;"16,00";;;"SIGNIERT Exportiert ";""
"590BTX ";" 1212";"24.05.2025 05:09";"Pinpad-Zahlung";"Pinpad MasterCard 707136";"Personenfahrt";"55,00";"5,00";;"50,00";;"55,00";;;"SIGNIERT Exportiert ";""
"590BTX ";" 1213";"24.05.2025 15:56";"Pinpad-Zahlung";"Pinpad MasterCard 963723";"Personenfahrt";"27,00";"2,45";;"24,55";;"27,00";;;"SIGNIERT Exportiert ";""
"590BTX ";" 1214";"24.05.2025 22:59";"Pinpad-Zahlung";"Pinpad VISA 977284";"Personenfahrt";"13,80";"1,25";;"12,55";;"13,80";;;"SIGNIERT Exportiert ";""
"590BTX ";" 1215";"25.05.2025 02:05";"Pinpad-Zahlung";"Pinpad VISA 290669";"Personenfahrt";"9,90";"0,90";;"9,00";;"9,90";;;"SIGNIERT Exportiert ";""
"590BTX ";" 1216";"25.05.2025 02:59";"Pinpad-Zahlung";"Pinpad MasterCard 397443";"Personenfahrt";"19,00";"1,73";;"17,27";;"19,00";;;"SIGNIERT Exportiert ";""
"590BTX ";" 1217";"25.05.2025 03:32";"Pinpad-Zahlung";"Pinpad MasterCard 914411";"Personenfahrt";"25,00";"2,27";;"22,73";;"25,00";;;"SIGNIERT Exportiert ";""
"590BTX ";" 1218";"25.05.2025 14:49";"Pinpad-Zahlung";"Pinpad MasterCard 968820";"Personenfahrt";"16,00";"1,45";;"14,55";;"16,00";;;"SIGNIERT Exportiert ";""
"590BTX ";" 1219";"25.05.2025 17:02";"Barbeleg";"  ";"Personenfahrt";"60,00";"5,45";;"54,55";;"60,00";;;"SIGNIERT Gespeichert ";""
"590BTX ";" 1220";"25.05.2025 20:25";"Barbeleg";"  ";"Personenfahrt";"15,00";"1,36";;"13,64";;"15,00";;;"SIGNIERT Storniert 25.05.25 20:25";""
"590BTX ";" 1221";"25.05.2025 20:25";"Storno Barbeleg  1220";"  ";"Personenfahrt";"-15,00";"-1,36";;"-13,64";;"-15,00";;;"SIGNIERT Storniert ";""
"590BTX ";" 1222";"25.05.2025 20:25";"Barbeleg";"  ";"Personenfahrt";"12,70";"1,15";;"11,55";;"12,70";;;"SIGNIERT Gespeichert ";""
"585BTX ";" 0215";"19.05.2025 10:17";"Pinpad-Zahlung";"Pinpad MasterCard 543929";"Personenfahrt";"18,40";"1,67";;"16,73";;"18,40";;;"SIGNIERT Exportiert ";""
"585BTX ";" 0216";"19.05.2025 12:43";"Barbeleg";"  ";"Personenfahrt";"42,00";"3,82";;"38,18";;"42,00";;;"SIGNIERT Gespeichert ";""
"585BTX ";" 0217";"20.05.2025 12:27";"Barbeleg";"  ";"Personenfahrt";"18,50";"1,68";;"16,82";;"18,50";;;"SIGNIERT Gespeichert ";""
"585BTX ";" 0218";"20.05.2025 13:47";"Barbeleg";"  ";"Personenfahrt";"24,00";"2,18";;"21,82";;"24,00";;;"SIGNIERT Gespeichert ";""
"585BTX ";" 0219";"21.05.2025 09:30";"Barbeleg";"  ";"Personenfahrt";"30,00";"2,73";;"27,27";;"30,00";;;"SIGNIERT Gespeichert ";""
"585BTX ";" 0220";"21.05.2025 09:32";"Pinpad-Zahlung";"Pinpad MasterCard 781246";"Personenfahrt";"28,00";"2,55";;"25,45";;"28,00";;;"SIGNIERT Exportiert ";""
"585BTX ";" 0221";"21.05.2025 11:55";"Pinpad-Zahlung";"Pinpad VISA 142919";"Personenfahrt";"26,00";"2,36";;"23,64";;"26,00";;;"SIGNIERT Exportiert ";""
"585BTX ";" 0222";"22.05.2025 12:14";"Pinpad-Zahlung";"Pinpad BanContact A964EB";"Personenfahrt";"54,20";"4,93";;"49,27";;"54,20";;;"SIGNIERT Exportiert ";""
"585BTX ";" 0223";"22.05.2025 15:37";"Pinpad-Zahlung";"Pinpad VISA 059029";"Personenfahrt";"42,00";"3,82";;"38,18";;"42,00";;;"SIGNIERT Exportiert ";""
"585BTX ";" 0224";"22.05.2025 19:27";"Pinpad-Zahlung";"Pinpad VISA 148619";"Personenfahrt";"18,00";"1,64";;"16,36";;"18,00";;;"SIGNIERT Exportiert ";""
"585BTX ";" 0225";"23.05.2025 09:50";"Pinpad-Zahlung";"Pinpad MasterCard 335410";"Personenfahrt";"18,20";"1,65";;"16,55";;"18,20";;;"SIGNIERT Exportiert ";""
"585BTX ";" 0226";"23.05.2025 10:18";"Pinpad-Zahlung";"Pinpad MasterCard 933000";"Personenfahrt";"22,00";"2,00";;"20,00";;"22,00";;;"SIGNIERT Exportiert ";""
"585BTX ";" 0227";"23.05.2025 13:16";"Barbeleg";"  ";"Personenfahrt";"15,20";"1,38";;"13,82";;"15,20";;;"SIGNIERT Gespeichert ";""
"585BTX ";" 0228";"23.05.2025 20:36";"Barbeleg";"  ";"Personenfahrt";"4247,00";"386,09";;"3860,91";;"4247,00";;;"SIGNIERT Storniert 26.05.25 19:37";"Falsche Eingabe"
"585BTX ";" 0229";"23.05.2025 20:37";"PaymentService-Zahlung";"APP-PAYMENT 4010P1885862";"Personenfahrt";"47,00";"4,27";;"42,73";;"47,00";;;"SIGNIERT Exportiert ";""
"585BTX ";" 0230";"23.05.2025 22:02";"PaymentService-Zahlung";"APP-PAYMENT 4010V1885870";"Personenfahrt";"32,10";"2,92";;"29,18";;"32,10";;;"SIGNIERT Exportiert ";""
"585BTX ";" 0231";"24.05.2025 11:48";"Pinpad-Zahlung";"Pinpad MasterCard 285091";"Personenfahrt";"33,00";"3,00";;"30,00";;"33,00";;;"SIGNIERT Exportiert ";""
"585BTX ";" 0232";"24.05.2025 15:05";"Pinpad-Zahlung";"Pinpad MasterCard 321363";"Personenfahrt";"20,00";"1,82";;"18,18";;"20,00";;;"SIGNIERT Exportiert ";""
"585BTX ";" 0233";"25.05.2025 11:22";"Pinpad-Zahlung";"Pinpad MasterCard 699941";"Personenfahrt";"14,00";"1,27";;"12,73";;"14,00";;;"SIGNIERT Exportiert ";""
"585BTX ";" 0234";"25.05.2025 14:56";"Pinpad-Zahlung";"Pinpad AMERICAN EXPRESS 553769";"Personenfahrt";"63,00";"5,73";;"57,27";;"63,00";;;"SIGNIERT Exportiert ";""
"577BTX ";" 0305";"20.05.2025 11:36";"Barbeleg";"  ";"Personenfahrt";"15,00";"1,36";;"13,64";;"15,00";;;"SIGNIERT Gespeichert ";""
"577BTX ";" 0306";"20.05.2025 13:40";"Barbeleg";"  ";"Personenfahrt";"6,20";"0,56";;"5,64";;"6,20";;;"SIGNIERT Gespeichert ";""
"577BTX ";" 0307";"20.05.2025 17:59";"Pinpad-Zahlung";"Pinpad MasterCard 381275";"Personenfahrt";"25,00";"1,84";;"18,36";"4,80";"25,00";;;"SIGNIERT Exportiert ";""
"577BTX ";" 0308";"20.05.2025 18:53";"Barbeleg";"  ";"Personenfahrt";"30,00";"2,35";;"23,45";"4,20";"30,00";;;"SIGNIERT Gespeichert ";""
"577BTX ";" 0309";"21.05.2025 05:05";"Pinpad-Zahlung";"Pinpad MasterCard 642567";"Personenfahrt";"42,00";"3,82";;"38,18";;"42,00";;;"SIGNIERT Exportiert ";""
"577BTX ";" 0310";"21.05.2025 10:01";"Barbeleg";"  ";"Personenfahrt";"30,60";"2,78";;"27,82";;"30,60";;;"SIGNIERT Gespeichert ";""
"577BTX ";" 0311";"21.05.2025 23:23";"Pinpad-Zahlung";"Pinpad AMERICAN EXPRESS 811349";"Personenfahrt";"15,00";"1,17";;"11,73";"2,10";"15,00";;;"SIGNIERT Exportiert ";""
"577BTX ";" 0312";"23.05.2025 15:30";"Barbeleg";"  ";"Personenfahrt";"24,60";"2,24";;"22,36";;"24,60";;;"SIGNIERT Gespeichert ";""
"577BTX ";" 0313";"23.05.2025 20:53";"Barbeleg";"  ";"Personenfahrt";"14,90";"1,35";;"13,55";;"14,90";;;"SIGNIERT Gespeichert ";""
"577BTX ";" 0314";"23.05.2025 20:54";"Barbeleg";"  ";"Personenfahrt";"21,60";"0,98";;"9,82";"10,80";"21,60";;;"SIGNIERT Gespeichert ";""
"577BTX ";" 0315";"24.05.2025 17:09";"Barbeleg";"  ";"Personenfahrt";"9,80";"0,89";;"8,91";;"9,80";;;"SIGNIERT Gespeichert ";""
"577BTX ";" 0316";"25.05.2025 01:49";"Barbeleg";"  ";"Personenfahrt";"6,20";"0,56";;"5,64";;"6,20";;;"SIGNIERT Gespeichert ";""
"577BTX ";" 0317";"25.05.2025 03:23";"Barbeleg";"  ";"Personenfahrt";"42,00";"3,82";;"38,18";;"42,00";;;"SIGNIERT Gespeichert ";""
"484 ";" 0806";"19.05.2025 00:21";"Pinpad-Zahlung";"Pinpad MASTERCARD 217279-129070";"Personenfahrt";"25,00";"2,27";;"22,73";;"25,00";;;"SIGNIERT Exportiert ";""
"484 ";" 0807";"19.05.2025 00:27";"Barbeleg";"  ";"Personenfahrt";"17,00";"1,55";;"15,45";;"17,00";;;"SIGNIERT Gespeichert ";""
"484 ";" 0808";"19.05.2025 00:50";"Barbeleg";"  ";"Personenfahrt";"10,20";"0,93";;"9,27";;"10,20";;;"SIGNIERT Gespeichert ";""
"484 ";" 0809";"19.05.2025 01:23";"Pinpad-Zahlung";"Pinpad MASTERCARD 767668-076253";"Personenfahrt";"11,00";"1,00";;"10,00";;"11,00";;;"SIGNIERT Exportiert ";""
"484 ";" 0810";"19.05.2025 02:02";"PaymentService-Zahlung";"APP-PAYMENT 4010V1877739";"Personenfahrt";"13,86";"1,15";;"11,45";"1,26";"13,86";;;"SIGNIERT Exportiert ";""
"484 ";" 0811";"19.05.2025 03:25";"Barbeleg";"  ";"Personenfahrt";"42,00";"3,82";;"38,18";;"42,00";;;"SIGNIERT Gespeichert ";""
"484 ";" 0812";"19.05.2025 04:40";"Barbeleg";"  ";"Personenfahrt";"10,60";"0,96";;"9,64";;"10,60";;;"SIGNIERT Gespeichert ";""
"484 ";" 0813";"19.05.2025 05:13";"PaymentService-Zahlung";"APP-PAYMENT 4010V1877621";"Personenfahrt";"16,20";"1,47";;"14,73";;"16,20";;;"SIGNIERT Exportiert ";""
"484 ";" 0814";"19.05.2025 05:25";"Barbeleg";"  ";"Personenfahrt";"42,00";"3,82";;"38,18";;"42,00";;;"SIGNIERT Gespeichert ";""
"484 ";" 0815";"19.05.2025 20:07";"Barbeleg";"  ";"Personenfahrt";"11,00";"1,00";;"10,00";;"11,00";;;"SIGNIERT Gespeichert ";""
"484 ";" 0816";"19.05.2025 20:36";"Pinpad-Zahlung";"Pinpad MASTERCARD 933257-802244";"Personenfahrt";"30,00";"2,73";;"27,27";;"30,00";;;"SIGNIERT Exportiert ";""
"484 ";" 0817";"19.05.2025 23:27";"Barbeleg";"  ";"Personenfahrt";"45,00";"3,82";;"38,18";"3,00";"45,00";;;"SIGNIERT Gespeichert ";""
"484 ";" 0818";"20.05.2025 01:31";"Barbeleg";"  ";"Personenfahrt";"9,70";"0,88";;"8,82";;"9,70";;;"SIGNIERT Gespeichert ";""
"484 ";" 0819";"20.05.2025 02:06";"Barbeleg";"  ";"Personenfahrt";"10,30";"0,94";;"9,36";;"10,30";;;"SIGNIERT Gespeichert ";""
"484 ";" 0820";"20.05.2025 03:15";"Barbeleg";"  ";"Personenfahrt";"12,10";"1,10";;"11,00";;"12,10";;;"SIGNIERT Gespeichert ";""
"484 ";" 0821";"20.05.2025 03:37";"Pinpad-Zahlung";"Pinpad MASTERCARD 331942-N59SFP";"Personenfahrt";"21,00";"1,57";;"15,73";"3,70";"21,00";;;"SIGNIERT Exportiert ";""
"484 ";" 0822";"20.05.2025 04:19";"Barbeleg";"  ";"Personenfahrt";"42,00";"3,82";;"38,18";;"42,00";;;"SIGNIERT Gespeichert ";""
"484 ";" 0823";"20.05.2025 05:39";"Barbeleg";"  ";"Personenfahrt";"26,00";"2,36";;"23,64";;"26,00";;;"SIGNIERT Gespeichert ";""
"484 ";" 0824";"20.05.2025 18:51";"Barbeleg";"  ";"Personenfahrt";"10,40";"0,95";;"9,45";;"10,40";;;"SIGNIERT Gespeichert ";""
"484 ";" 0825";"20.05.2025 19:15";"Barbeleg";"  ";"Personenfahrt";"10,80";"0,98";;"9,82";;"10,80";;;"SIGNIERT Gespeichert ";""
"484 ";" 0826";"20.05.2025 22:30";"Barbeleg";"  ";"Personenfahrt";"42,00";"3,82";;"38,18";;"42,00";;;"SIGNIERT Gespeichert ";""
"484 ";" 0827";"20.05.2025 23:59";"Barbeleg";"  ";"Personenfahrt";"42,00";"3,82";;"38,18";;"42,00";;;"SIGNIERT Gespeichert ";""
"484 ";" 0828";"21.05.2025 00:49";"Barbeleg";"  ";"Personenfahrt";"16,30";"1,48";;"14,82";;"16,30";;;"SIGNIERT Gespeichert ";""
"484 ";" 0829";"21.05.2025 01:12";"Pinpad-Zahlung";"Pinpad MASTERCARD 765340-661218";"Personenfahrt";"28,00";"2,26";;"22,64";"3,10";"28,00";;;"SIGNIERT Exportiert ";""
"484 ";" 0830";"21.05.2025 02:56";"Barbeleg";"  ";"Personenfahrt";"20,70";"1,88";;"18,82";;"20,70";;;"SIGNIERT Gespeichert ";""
"484 ";" 0831";"21.05.2025 04:01";"Barbeleg";"  ";"Personenfahrt";"11,70";"1,06";;"10,64";;"11,70";;;"SIGNIERT Gespeichert ";""
"484 ";" 0832";"21.05.2025 04:49";"Barbeleg";"  ";"Personenfahrt";"42,00";"3,82";;"38,18";;"42,00";;;"SIGNIERT Gespeichert ";""
"484 ";" 0833";"21.05.2025 05:32";"Pinpad-Zahlung";"Pinpad MASTERCARD 229535-198158";"Personenfahrt";"55,00";"5,00";;"50,00";;"55,00";;;"SIGNIERT Exportiert ";""
"484 ";" 0834";"21.05.2025 22:54";"Pinpad-Zahlung";"Pinpad MASTERCARD 521003-564505";"Personenfahrt";"30,00";"2,73";;"27,27";;"30,00";;;"SIGNIERT Exportiert ";""
"484 ";" 0835";"21.05.2025 23:39";"Barbeleg";"  ";"Personenfahrt";"16,80";"1,53";;"15,27";;"16,80";;;"SIGNIERT Gespeichert ";""
"484 ";" 0836";"22.05.2025 01:03";"Barbeleg";"  ";"Personenfahrt";"17,40";"1,58";;"15,82";;"17,40";;;"SIGNIERT Gespeichert ";""
"484 ";" 0837";"22.05.2025 04:15";"Pinpad-Zahlung";"Pinpad VISA 637178-081155";"Personenfahrt";"42,00";"3,82";;"38,18";;"42,00";;;"SIGNIERT Exportiert ";""
"484 ";" 0838";"22.05.2025 04:46";"Barbeleg";"  ";"Personenfahrt";"9,10";"0,83";;"8,27";;"9,10";;;"SIGNIERT Gespeichert ";""
"484 ";" 0839";"22.05.2025 05:18";"Pinpad-Zahlung";"Pinpad VISA 290162-132798";"Personenfahrt";"42,00";"3,82";;"38,18";;"42,00";;;"SIGNIERT Exportiert ";""
"484 ";" 0840";"22.05.2025 06:30";"Barbeleg";"  ";"Personenfahrt";"12,20";"1,11";;"11,09";;"12,20";;;"SIGNIERT Gespeichert ";""
"484 ";" 0841";"22.05.2025 06:57";"Barbeleg";"  ";"Personenfahrt";"25,00";"2,09";;"20,91";"2,00";"25,00";;;"SIGNIERT Gespeichert ";""
"484 ";" 0842";"23.05.2025 00:18";"Barbeleg";"  ";"Personenfahrt";"9,30";"0,85";;"8,45";;"9,30";;;"SIGNIERT Gespeichert ";""
"484 ";" 0843";"23.05.2025 00:29";"Barbeleg";"  ";"Personenfahrt";"15,00";"1,28";;"12,82";"0,90";"15,00";;;"SIGNIERT Gespeichert ";""
"484 ";" 0844";"23.05.2025 01:21";"Barbeleg";"  ";"Personenfahrt";"12,00";"1,01";;"10,09";"0,90";"12,00";;;"SIGNIERT Gespeichert ";""
"484 ";" 0845";"23.05.2025 01:40";"PaymentService-Zahlung";"APP-PAYMENT 4010V1884488";"Personenfahrt";"9,60";"0,87";;"8,73";;"9,60";;;"SIGNIERT Exportiert ";""
"484 ";" 0846";"23.05.2025 02:48";"Barbeleg";"  ";"Personenfahrt";"42,00";"3,82";;"38,18";;"42,00";;;"SIGNIERT Gespeichert ";""
"484 ";" 0847";"23.05.2025 04:09";"Barbeleg";"  ";"Personenfahrt";"16,10";"1,46";;"14,64";;"16,10";;;"SIGNIERT Gespeichert ";""
"484 ";" 0848";"23.05.2025 04:29";"Barbeleg";"  ";"Personenfahrt";"10,30";"0,94";;"9,36";;"10,30";;;"SIGNIERT Gespeichert ";""
"484 ";" 0849";"23.05.2025 05:29";"Barbeleg";"  ";"Personenfahrt";"42,00";"3,82";;"38,18";;"42,00";;;"SIGNIERT Gespeichert ";""
"484 ";" 0850";"23.05.2025 06:18";"Pinpad-Zahlung";"Pinpad MASTERCARD 403194-06421Z";"Personenfahrt";"45,00";"3,82";;"38,18";"3,00";"45,00";;;"SIGNIERT Exportiert ";""
"484 ";" 0851";"23.05.2025 06:41";"Barbeleg";"  ";"Personenfahrt";"9,00";"0,82";;"8,18";;"9,00";;;"SIGNIERT Gespeichert ";""
"484 ";" 0852";"23.05.2025 07:17";"Barbeleg";"  ";"Personenfahrt";"10,60";"0,96";;"9,64";;"10,60";;;"SIGNIERT Gespeichert ";""
"484 ";" 0853";"24.05.2025 01:32";"Barbeleg";"  ";"Personenfahrt";"10,50";"0,95";;"9,55";;"10,50";;;"SIGNIERT Gespeichert ";""
"484 ";" 0854";"24.05.2025 01:44";"Barbeleg";"  ";"Personenfahrt";"9,70";"0,88";;"8,82";;"9,70";;;"SIGNIERT Gespeichert ";""
"484 ";" 0855";"24.05.2025 03:24";"Barbeleg";"  ";"Personenfahrt";"42,00";"3,82";;"38,18";;"42,00";;;"SIGNIERT Gespeichert ";""
"484 ";" 0856";"24.05.2025 04:28";"Barbeleg";"  ";"Personenfahrt";"27,10";"2,46";;"24,64";;"27,10";;;"SIGNIERT Gespeichert ";""
"484 ";" 0857";"24.05.2025 05:54";"Barbeleg";"  ";"Personenfahrt";"31,90";"2,90";;"29,00";;"31,90";;;"SIGNIERT Gespeichert ";""
"484 ";" 0858";"24.05.2025 07:23";"Barbeleg";"  ";"Personenfahrt";"60,00";"5,45";;"54,55";;"60,00";;;"SIGNIERT Storniert 24.05.25 07:23";""
"484 ";" 0859";"24.05.2025 07:23";"Storno Barbeleg  0858";"  ";"Personenfahrt";"-60,00";"-5,45";;"-54,55";;"-60,00";;;"SIGNIERT Storniert ";""
"484 ";" 0860";"24.05.2025 07:25";"Pinpad-Zahlung";"Pinpad AMERICAN EXPRESS 809099";"Personenfahrt";"60,00";"5,45";;"54,55";;"60,00";;;"SIGNIERT Exportiert ";""
"484 ";" 0861";"24.05.2025 09:21";"PaymentService-Zahlung";"APP-PAYMENT 4010P1886510";"Personenfahrt";"22,44";"1,85";;"18,55";"2,04";"22,44";;;"SIGNIERT Exportiert ";""
"484 ";" 0862";"25.05.2025 04:00";"Barbeleg";"  ";"Personenfahrt";"42,00";"3,82";;"38,18";;"42,00";;;"SIGNIERT Gespeichert ";""
"484 ";" 0863";"25.05.2025 04:31";"Pinpad-Zahlung";"Pinpad MASTERCARD 109629-313152";"Personenfahrt";"30,00";"2,73";;"27,27";;"30,00";;;"SIGNIERT Exportiert ";""
"484 ";" 0864";"25.05.2025 05:06";"Barbeleg";"  ";"Personenfahrt";"10,90";"0,99";;"9,91";;"10,90";;;"SIGNIERT Gespeichert ";""
"484 ";" 0865";"25.05.2025 05:15";"Barbeleg";"  ";"Personenfahrt";"14,30";"1,30";;"13,00";;"14,30";;;"SIGNIERT Gespeichert ";""
"484 ";" 0866";"25.05.2025 05:52";"Barbeleg";"  ";"Personenfahrt";"45,00";"3,82";;"38,18";"3,00";"45,00";;;"SIGNIERT Gespeichert ";""
"484 ";" 0867";"25.05.2025 06:35";"Pinpad-Zahlung";"Pinpad MASTERCARD 387796-127551";"Personenfahrt";"20,90";"1,90";;"19,00";;"20,90";;;"SIGNIERT Exportiert ";""
"4517 ";" 0680";"20.05.2025 15:03";"Pinpad-Zahlung";"Pinpad MasterCard 081496";"Personenfahrt";"25,00";"2,04";;"20,36";"2,60";"25,00";;;"SIGNIERT Exportiert ";""
"4517 ";" 0681";"20.05.2025 16:02";"Barbeleg";"  ";"Personenfahrt";"22,90";"2,08";;"20,82";;"22,90";;;"SIGNIERT Gespeichert ";""
"4517 ";" 0682";"20.05.2025 18:24";"PaymentService-Zahlung";"APP-PAYMENT 4010V1880353";"Personenfahrt";"13,90";"1,26";;"12,64";;"13,90";;;"SIGNIERT Exportiert ";""
"4517 ";" 0683";"20.05.2025 18:28";"Barbeleg";"  ";"Personenfahrt";"22,80";"2,07";;"20,73";;"22,80";;;"SIGNIERT Gespeichert ";""
"4517 ";" 0684";"20.05.2025 20:39";"Pinpad-Zahlung";"Pinpad MasterCard 743757";"Personenfahrt";"20,00";"1,53";;"15,27";"3,20";"20,00";;;"SIGNIERT Exportiert ";""
"4517 ";" 0685";"21.05.2025 11:21";"Pinpad-Zahlung";"Pinpad MasterCard 811168";"Personenfahrt";"16,00";"1,35";;"13,45";"1,20";"16,00";;;"SIGNIERT Exportiert ";""
"4517 ";" 0686";"21.05.2025 13:00";"Pinpad-Zahlung";"Pinpad MasterCard 514588";"Personenfahrt";"19,40";"1,76";;"17,64";;"19,40";;;"SIGNIERT Exportiert ";""
"4517 ";" 0687";"21.05.2025 13:25";"Pinpad-Zahlung";"Pinpad MasterCard 331899";"Personenfahrt";"20,00";"1,69";;"16,91";"1,40";"20,00";;;"SIGNIERT Exportiert ";""
"4517 ";" 0688";"21.05.2025 13:51";"Barbeleg";"  ";"Personenfahrt";"10,40";"0,95";;"9,45";;"10,40";;;"SIGNIERT Gespeichert ";""
"4517 ";" 0689";"21.05.2025 15:36";"Barbeleg";"  ";"Personenfahrt";"21,80";"1,98";;"19,82";;"21,80";;;"SIGNIERT Gespeichert ";""
"4517 ";" 0690";"21.05.2025 17:34";"Barbeleg";"  ";"Personenfahrt";"18,50";"1,68";;"16,82";;"18,50";;;"SIGNIERT Gespeichert ";""
"4517 ";" 0691";"21.05.2025 19:16";"Barbeleg";"  ";"Personenfahrt";"24,20";"2,20";;"22,00";;"24,20";;;"SIGNIERT Gespeichert ";""
"4517 ";" 0692";"21.05.2025 20:11";"PaymentService-Zahlung";"APP-PAYMENT 4010V1882327";"Personenfahrt";"20,58";"1,63";;"16,27";"2,68";"20,58";;;"SIGNIERT Exportiert ";""
"4517 ";" 0693";"21.05.2025 20:38";"Barbeleg";"  ";"Personenfahrt";"15,80";"1,44";;"14,36";;"15,80";;;"SIGNIERT Gespeichert ";""
"4517 ";" 0694";"21.05.2025 21:32";"Pinpad-Zahlung";"Pinpad MasterCard 159079";"Personenfahrt";"35,00";"2,95";;"29,45";"2,60";"35,00";;;"SIGNIERT Exportiert ";""
"4517 ";" 0695";"22.05.2025 11:50";"Barbeleg";"  ";"Personenfahrt";"21,80";"1,98";;"19,82";;"21,80";;;"SIGNIERT Gespeichert ";""
"4517 ";" 0696";"22.05.2025 12:43";"Barbeleg";"  ";"Personenfahrt";"7,50";"0,68";;"6,82";;"7,50";;;"SIGNIERT Gespeichert ";""
"4517 ";" 0697";"22.05.2025 12:58";"Barbeleg";"  ";"Personenfahrt";"9,20";"0,84";;"8,36";;"9,20";;;"SIGNIERT Gespeichert ";""
"4517 ";" 0698";"22.05.2025 16:52";"Barbeleg";"  ";"Personenfahrt";"20,70";"1,88";;"18,82";;"20,70";;;"SIGNIERT Gespeichert ";""
"4517 ";" 0699";"22.05.2025 17:16";"Barbeleg";"  ";"Personenfahrt";"8,90";"0,81";;"8,09";;"8,90";;;"SIGNIERT Gespeichert ";""
"4517 ";" 0700";"22.05.2025 18:09";"Barbeleg";"  ";"Personenfahrt";"27,90";"2,54";;"25,36";;"27,90";;;"SIGNIERT Gespeichert ";""
"4517 ";" 0701";"22.05.2025 18:39";"Barbeleg";"  ";"Personenfahrt";"10,40";"0,95";;"9,45";;"10,40";;;"SIGNIERT Gespeichert ";""
"4517 ";" 0702";"22.05.2025 19:55";"Barbeleg";"  ";"Personenfahrt";"16,10";"1,46";;"14,64";;"16,10";;;"SIGNIERT Gespeichert ";""
"4517 ";" 0703";"22.05.2025 21:15";"PaymentService-Zahlung";"APP-PAYMENT 4010V1884233";"Personenfahrt";"20,70";"1,64";;"16,36";"2,70";"20,70";;;"SIGNIERT Exportiert ";""
"4517 ";" 0704";"22.05.2025 22:24";"PaymentService-Zahlung";"APP-PAYMENT 4010V1884257";"Personenfahrt";"10,70";"0,97";;"9,73";;"10,70";;;"SIGNIERT Exportiert ";""
"4517 ";" 0705";"23.05.2025 09:31";"Barbeleg";"  ";"Personenfahrt";"17,70";"1,61";;"16,09";;"17,70";;;"SIGNIERT Gespeichert ";""
"4517 ";" 0706";"23.05.2025 12:12";"Barbeleg";"  ";"Personenfahrt";"16,40";"1,49";;"14,91";;"16,40";;;"SIGNIERT Gespeichert ";""
"4517 ";" 0707";"23.05.2025 21:19";"PaymentService-Zahlung";"APP-PAYMENT 4010V1885817";"Personenfahrt";"7,30";"0,66";;"6,64";;"7,30";;;"SIGNIERT Exportiert ";""
"4517 ";" 0708";"24.05.2025 05:35";"Pinpad-Zahlung";"Pinpad MasterCard 526663";"Personenfahrt";"30,00";"2,52";;"25,18";"2,30";"30,00";;;"SIGNIERT Exportiert ";""
"4517 ";" 0709";"24.05.2025 06:36";"Pinpad-Zahlung";"Pinpad VISA 043805";"Personenfahrt";"35,00";"3,05";;"30,55";"1,40";"35,00";;;"SIGNIERT Exportiert ";""
"4517 ";" 0710";"24.05.2025 08:01";"Barbeleg";"  ";"Personenfahrt";"42,00";"3,82";;"38,18";;"42,00";;;"SIGNIERT Gespeichert ";""
"4517 ";" 0711";"24.05.2025 13:05";"Barbeleg";"  ";"Personenfahrt";"42,00";"3,82";;"38,18";;"42,00";;;"SIGNIERT Gespeichert ";""
"4517 ";" 0712";"24.05.2025 13:54";"Barbeleg";"  ";"Personenfahrt";"18,00";"1,64";;"16,36";;"18,00";;;"SIGNIERT Gespeichert ";""
"4517 ";" 0713";"24.05.2025 14:16";"Barbeleg";"  ";"Personenfahrt";"11,40";"1,04";;"10,36";;"11,40";;;"SIGNIERT Gespeichert ";""
"4517 ";" 0714";"24.05.2025 14:52";"PaymentService-Zahlung";"APP-PAYMENT 4010V1886763";"Personenfahrt";"29,26";"2,42";;"24,18";"2,66";"29,26";;;"SIGNIERT Exportiert ";""
"4517 ";" 0715";"25.05.2025 06:41";"Barbeleg";"  ";"Personenfahrt";"12,70";"1,15";;"11,55";;"12,70";;;"SIGNIERT Gespeichert ";""
"4517 ";" 0716";"25.05.2025 08:45";"Barbeleg";"  ";"Personenfahrt";"19,70";"1,79";;"17,91";;"19,70";;;"SIGNIERT Gespeichert ";""
"4517 ";" 0717";"25.05.2025 10:15";"Barbeleg";"  ";"Personenfahrt";"30,10";"2,74";;"27,36";;"30,10";;;"SIGNIERT Gespeichert ";""
"4517 ";" 0718";"25.05.2025 11:18";"Barbeleg";"  ";"Personenfahrt";"10,80";"0,98";;"9,82";;"10,80";;;"SIGNIERT Gespeichert ";""
"4517 ";" 0719";"25.05.2025 14:14";"Barbeleg";"  ";"Personenfahrt";"42,00";"3,82";;"38,18";;"42,00";;;"SIGNIERT Gespeichert ";""
"4517 ";" 0720";"25.05.2025 16:44";"Barbeleg";"  ";"Personenfahrt";"42,00";"3,82";;"38,18";;"42,00";;;"SIGNIERT Gespeichert ";""
"4517 ";" 0721";"25.05.2025 17:33";"Barbeleg";"  ";"Personenfahrt";"12,50";"1,14";;"11,36";;"12,50";;;"SIGNIERT Gespeichert ";""
"4517 ";" 0722";"25.05.2025 18:15";"Barbeleg";"  ";"Personenfahrt";"26,70";"2,43";;"24,27";;"26,70";;;"SIGNIERT Gespeichert ";""
"4517 ";" 0723";"25.05.2025 18:42";"Barbeleg";"  ";"Personenfahrt";"52,70";"4,79";;"47,91";;"52,70";;;"SIGNIERT Gespeichert ";""
"4517 ";" 0724";"25.05.2025 18:45";"Pinpad-Zahlung";"Pinpad MasterCard 812241";"Personenfahrt";"52,70";"4,79";;"47,91";;"52,70";;;"SIGNIERT Exportiert ";""
"4517 ";" 0725";"25.05.2025 19:07";"Barbeleg";"  ";"Personenfahrt";"14,70";"1,34";;"13,36";;"14,70";;;"SIGNIERT Gespeichert ";""
"432ATX ";" 0780";"20.05.2025 13:38";"Barbeleg";"  ";"Personenfahrt";"10,80";"0,98";;"9,82";;"10,80";;;"SIGNIERT Gespeichert ";""
"432ATX ";" 0781";"20.05.2025 14:27";"Barbeleg";"  ";"Personenfahrt";"7,80";"0,71";;"7,09";;"7,80";;;"SIGNIERT Gespeichert ";""
"432ATX ";" 0782";"20.05.2025 15:37";"Barbeleg";"  ";"Personenfahrt";"15,40";"1,40";;"14,00";;"15,40";;;"SIGNIERT Gespeichert ";""
"432ATX ";" 0783";"20.05.2025 17:02";"Pinpad-Zahlung";"Pinpad VISA 001344";"Personenfahrt";"46,00";"3,82";;"38,18";"4,00";"46,00";;;"SIGNIERT Exportiert ";""
"432ATX ";" 0784";"20.05.2025 18:24";"Barbeleg";"  ";"Personenfahrt";"12,60";"1,15";;"11,45";;"12,60";;;"SIGNIERT Gespeichert ";""
"432ATX ";" 0785";"20.05.2025 19:06";"Barbeleg";"  ";"Personenfahrt";"16,40";"1,49";;"14,91";;"16,40";;;"SIGNIERT Gespeichert ";""
"432ATX ";" 0786";"20.05.2025 19:43";"Pinpad-Zahlung";"Pinpad VISA 71804D";"Personenfahrt";"26,40";"2,40";;"24,00";;"26,40";;;"SIGNIERT Exportiert ";""
"432ATX ";" 0787";"21.05.2025 10:57";"Pinpad-Zahlung";"Pinpad MasterCard 353998";"Personenfahrt";"28,00";"2,35";;"23,45";"2,20";"28,00";;;"SIGNIERT Exportiert ";""
"432ATX ";" 0788";"21.05.2025 11:20";"PaymentService-Zahlung";"APP-PAYMENT 4010P1881609";"Personenfahrt";"19,00";"1,73";;"17,27";;"19,00";;;"SIGNIERT Exportiert ";""
"432ATX ";" 0789";"21.05.2025 12:13";"PaymentService-Zahlung";"APP-PAYMENT 4010P1881690";"Personenfahrt";"19,35";"1,60";;"16,00";"1,75";"19,35";;;"SIGNIERT Exportiert ";""
"432ATX ";" 0790";"21.05.2025 13:03";"Barbeleg";"  ";"Personenfahrt";"16,40";"1,49";;"14,91";;"16,40";;;"SIGNIERT Gespeichert ";""
"432ATX ";" 0791";"21.05.2025 14:31";"Barbeleg";"  ";"Personenfahrt";"15,80";"1,44";;"14,36";;"15,80";;;"SIGNIERT Gespeichert ";""
"432ATX ";" 0792";"21.05.2025 14:44";"Pinpad-Zahlung";"Pinpad MasterCard 073446";"Personenfahrt";"17,00";"1,35";;"13,45";"2,20";"17,00";;;"SIGNIERT Exportiert ";""
"432ATX ";" 0793";"21.05.2025 15:23";"Barbeleg";"  ";"Personenfahrt";"26,60";"2,42";;"24,18";;"26,60";;;"SIGNIERT Gespeichert ";""
"432ATX ";" 0794";"21.05.2025 16:11";"Barbeleg";"  ";"Personenfahrt";"19,60";"1,78";;"17,82";;"19,60";;;"SIGNIERT Gespeichert ";""
"432ATX ";" 0795";"21.05.2025 17:01";"Pinpad-Zahlung";"Pinpad MasterCard WK273J";"Personenfahrt";"33,00";"3,00";;"30,00";;"33,00";;;"SIGNIERT Exportiert ";""
"432ATX ";" 0796";"21.05.2025 18:22";"Barbeleg";"  ";"Personenfahrt";"27,00";"2,45";;"24,55";;"27,00";;;"SIGNIERT Gespeichert ";""
"432ATX ";" 0797";"21.05.2025 20:44";"Barbeleg";"  ";"Personenfahrt";"15,40";"1,40";;"14,00";;"15,40";;;"SIGNIERT Gespeichert ";""
"432ATX ";" 0798";"22.05.2025 10:56";"Barbeleg";"  ";"Personenfahrt";"17,80";"1,62";;"16,18";;"17,80";;;"SIGNIERT Gespeichert ";""
"432ATX ";" 0799";"22.05.2025 12:20";"Barbeleg";"  ";"Personenfahrt";"12,60";"1,15";;"11,45";;"12,60";;;"SIGNIERT Gespeichert ";""
"432ATX ";" 0800";"22.05.2025 16:40";"Barbeleg";"  ";"Personenfahrt";"13,00";"1,18";;"11,82";;"13,00";;;"SIGNIERT Gespeichert ";""
"432ATX ";" 0801";"22.05.2025 18:05";"Pinpad-Zahlung";"Pinpad VISA 399533";"Personenfahrt";"29,20";"2,65";;"26,55";;"29,20";;;"SIGNIERT Exportiert ";""
"432ATX ";" 0802";"22.05.2025 18:38";"Barbeleg";"  ";"Personenfahrt";"23,00";"2,09";;"20,91";;"23,00";;;"SIGNIERT Gespeichert ";""
"432ATX ";" 0803";"22.05.2025 19:02";"Barbeleg";"  ";"Personenfahrt";"12,00";"1,09";;"10,91";;"12,00";;;"SIGNIERT Gespeichert ";""
"432ATX ";" 0804";"22.05.2025 20:13";"Barbeleg";"  ";"Personenfahrt";"13,20";"1,20";;"12,00";;"13,20";;;"SIGNIERT Gespeichert ";""
"432ATX ";" 0805";"23.05.2025 10:15";"Barbeleg";"  ";"Personenfahrt";"21,60";"1,96";;"19,64";;"21,60";;;"SIGNIERT Gespeichert ";""
"432ATX ";" 0806";"23.05.2025 11:36";"Barbeleg";"  ";"Personenfahrt";"14,60";"1,33";;"13,27";;"14,60";;;"SIGNIERT Gespeichert ";""
"432ATX ";" 0807";"23.05.2025 13:05";"Pinpad-Zahlung";"Pinpad MasterCard 316414";"Personenfahrt";"25,00";"2,04";;"20,36";"2,60";"25,00";;;"SIGNIERT Exportiert ";""
"432ATX ";" 0808";"23.05.2025 13:42";"Barbeleg";"  ";"Personenfahrt";"27,40";"2,49";;"24,91";;"27,40";;;"SIGNIERT Gespeichert ";""
"432ATX ";" 0809";"23.05.2025 15:52";"Barbeleg";"  ";"Personenfahrt";"12,80";"1,16";;"11,64";;"12,80";;;"SIGNIERT Gespeichert ";""
"432ATX ";" 0810";"23.05.2025 16:10";"Barbeleg";"  ";"Personenfahrt";"9,60";"0,87";;"8,73";;"9,60";;;"SIGNIERT Gespeichert ";""
"432ATX ";" 0811";"23.05.2025 17:56";"Barbeleg";"  ";"Personenfahrt";"20,20";"1,84";;"18,36";;"20,20";;;"SIGNIERT Gespeichert ";""
"432ATX ";" 0812";"23.05.2025 20:07";"Barbeleg";"  ";"Personenfahrt";"14,00";"1,27";;"12,73";;"14,00";;;"SIGNIERT Gespeichert ";""
"432ATX ";" 0813";"24.05.2025 11:36";"Barbeleg";"  ";"Personenfahrt";"13,60";"1,24";;"12,36";;"13,60";;;"SIGNIERT Gespeichert ";""
"432ATX ";" 0814";"24.05.2025 12:05";"Barbeleg";"  ";"Personenfahrt";"16,60";"1,51";;"15,09";;"16,60";;;"SIGNIERT Gespeichert ";""
"432ATX ";" 0815";"24.05.2025 13:32";"Barbeleg";"  ";"Personenfahrt";"12,40";"1,13";;"11,27";;"12,40";;;"SIGNIERT Gespeichert ";""
"432ATX ";" 0816";"24.05.2025 15:04";"Barbeleg";"  ";"Personenfahrt";"14,20";"1,29";;"12,91";;"14,20";;;"SIGNIERT Gespeichert ";""
"432ATX ";" 0817";"24.05.2025 16:09";"Barbeleg";"  ";"Personenfahrt";"12,40";"1,13";;"11,27";;"12,40";;;"SIGNIERT Gespeichert ";""
"432ATX ";" 0818";"24.05.2025 16:54";"Barbeleg";"  ";"Personenfahrt";"14,60";"1,33";;"13,27";;"14,60";;;"SIGNIERT Gespeichert ";""
"432ATX ";" 0819";"24.05.2025 21:35";"Barbeleg";"  ";"Personenfahrt";"24,60";"2,24";;"22,36";;"24,60";;;"SIGNIERT Gespeichert ";""
"432ATX ";" 0820";"25.05.2025 12:20";"Barbeleg";"  ";"Personenfahrt";"10,70";"0,97";;"9,73";;"10,70";;;"SIGNIERT Gespeichert ";""
"432ATX ";" 0821";"25.05.2025 13:28";"Pinpad-Zahlung";"Pinpad VISA 416108";"Personenfahrt";"50,00";"3,82";;"38,18";"8,00";"50,00";;;"SIGNIERT Exportiert ";""
"432ATX ";" 0822";"25.05.2025 18:29";"Barbeleg";"  ";"Personenfahrt";"20,70";"1,88";;"18,82";;"20,70";;;"SIGNIERT Gespeichert ";""
"135CTX ";" 0061";"20.05.2025 11:13";"Barbeleg";"  ";"Personenfahrt";"10,00";"0,76";;"7,64";"1,60";"10,00";;;"SIGNIERT Gespeichert ";""
"135CTX ";" 0062";"20.05.2025 11:53";"Barbeleg";"  ";"Personenfahrt";"30,80";"2,80";;"28,00";;"30,80";;;"SIGNIERT Gespeichert ";""
"135CTX ";" 0063";"20.05.2025 12:14";"Barbeleg";"  ";"Personenfahrt";"11,40";"1,04";;"10,36";;"11,40";;;"SIGNIERT Gespeichert ";""
"135CTX ";" 0064";"20.05.2025 12:47";"Barbeleg";"  ";"Personenfahrt";"16,00";"1,45";;"14,45";"0,10";"16,00";;;"SIGNIERT Gespeichert ";""
"135CTX ";" 0065";"20.05.2025 13:18";"Barbeleg";"  ";"Personenfahrt";"13,00";"1,18";;"11,82";;"13,00";;;"SIGNIERT Gespeichert ";""
"135CTX ";" 0066";"20.05.2025 13:57";"Barbeleg";"  ";"Personenfahrt";"8,00";"0,71";;"7,09";"0,20";"8,00";;;"SIGNIERT Gespeichert ";""
"135CTX ";" 0067";"20.05.2025 15:06";"Barbeleg";"  ";"Personenfahrt";"14,00";"1,25";;"12,55";"0,20";"14,00";;;"SIGNIERT Gespeichert ";""
"135CTX ";" 0068";"20.05.2025 17:33";"Pinpad-Zahlung";"Pinpad Maestro 805748";"Personenfahrt";"30,00";"2,51";;"25,09";"2,40";"30,00";;;"SIGNIERT Exportiert ";""
"135CTX ";" 0069";"20.05.2025 19:07";"Barbeleg";"  ";"Personenfahrt";"32,00";"2,73";;"27,27";"2,00";"32,00";;;"SIGNIERT Gespeichert ";""
"135CTX ";" 0070";"21.05.2025 10:43";"Barbeleg";"  ";"Personenfahrt";"15,00";"1,36";;"13,64";;"15,00";;;"SIGNIERT Gespeichert ";""
"135CTX ";" 0071";"21.05.2025 11:08";"Barbeleg";"  ";"Personenfahrt";"12,00";"1,04";;"10,36";"0,60";"12,00";;;"SIGNIERT Gespeichert ";""
"135CTX ";" 0072";"21.05.2025 11:20";"Barbeleg";"  ";"Personenfahrt";"10,00";"0,91";;"9,09";;"10,00";;;"SIGNIERT Gespeichert ";""
"135CTX ";" 0073";"21.05.2025 11:49";"Barbeleg";"  ";"Personenfahrt";"26,00";"2,22";;"22,18";"1,60";"26,00";;;"SIGNIERT Gespeichert ";""
"135CTX ";" 0074";"21.05.2025 12:53";"Barbeleg";"  ";"Personenfahrt";"20,00";"1,82";;"18,18";;"20,00";;;"SIGNIERT Gespeichert ";""
"135CTX ";" 0075";"21.05.2025 14:31";"Barbeleg";"  ";"Botenfahrt";"46,20";;"7,70";"38,50";;"46,20";;;"SIGNIERT Gespeichert ";""
"135CTX ";" 0076";"21.05.2025 17:55";"Pinpad-Zahlung";"Pinpad MasterCard 112246";"Personenfahrt";"35,20";"3,20";;"32,00";;"35,20";;;"SIGNIERT Exportiert ";""
"135CTX ";" 0077";"21.05.2025 19:44";"Barbeleg";"  ";"Personenfahrt";"32,00";"2,85";;"28,55";"0,60";"32,00";;;"SIGNIERT Gespeichert ";""
"135CTX ";" 0078";"22.05.2025 10:55";"Barbeleg";"  ";"Personenfahrt";"25,00";"2,24";;"22,36";"0,40";"25,00";;;"SIGNIERT Gespeichert ";""
"135CTX ";" 0079";"22.05.2025 11:13";"Barbeleg";"  ";"Personenfahrt";"10,00";"0,91";;"9,09";;"10,00";;;"SIGNIERT Gespeichert ";""
"135CTX ";" 0080";"22.05.2025 14:34";"Barbeleg";"  ";"Personenfahrt";"12,00";"1,09";;"10,91";;"12,00";;;"SIGNIERT Gespeichert ";""
"135CTX ";" 0081";"22.05.2025 16:08";"Pinpad-Zahlung";"Pinpad MasterCard 05273Z";"Personenfahrt";"30,00";"2,73";;"27,27";;"30,00";;;"SIGNIERT Exportiert ";""
"135CTX ";" 0082";"22.05.2025 16:57";"Pinpad-Zahlung";"Pinpad VISA 02232D";"Personenfahrt";"13,60";"1,24";;"12,36";;"13,60";;;"SIGNIERT Exportiert ";""
"135CTX ";" 0083";"22.05.2025 17:52";"Barbeleg";"  ";"Personenfahrt";"36,00";"3,15";;"31,45";"1,40";"36,00";;;"SIGNIERT Gespeichert ";""
"135CTX ";" 0084";"22.05.2025 19:18";"Pinpad-Zahlung";"Pinpad MasterCard 700235";"Personenfahrt";"21,80";"1,98";;"19,82";;"21,80";;;"SIGNIERT Exportiert ";""
"135CTX ";" 0085";"23.05.2025 10:29";"Barbeleg";"  ";"Personenfahrt";"13,00";"1,13";;"11,27";"0,60";"13,00";;;"SIGNIERT Gespeichert ";""
"135CTX ";" 0086";"23.05.2025 12:24";"Barbeleg";"  ";"Personenfahrt";"18,60";"1,69";;"16,91";;"18,60";;;"SIGNIERT Gespeichert ";""
"135CTX ";" 0087";"23.05.2025 12:56";"Barbeleg";"  ";"Personenfahrt";"18,00";"1,64";;"16,36";;"18,00";;;"SIGNIERT Gespeichert ";""
"135CTX ";" 0088";"23.05.2025 16:45";"Pinpad-Zahlung";"Pinpad MasterCard 651094";"Personenfahrt";"11,20";"1,02";;"10,18";;"11,20";;;"SIGNIERT Exportiert ";""
"135CTX ";" 0089";"23.05.2025 18:06";"Barbeleg";"  ";"Personenfahrt";"10,00";"0,83";;"8,27";"0,90";"10,00";;;"SIGNIERT Gespeichert ";""
"135CTX ";" 0090";"23.05.2025 18:40";"Barbeleg";"  ";"Personenfahrt";"39,00";"3,55";;"35,45";;"39,00";;;"SIGNIERT Gespeichert ";""
"135CTX ";" 0091";"23.05.2025 19:49";"Pinpad-Zahlung";"Pinpad MasterCard 935944";"Personenfahrt";"30,00";"2,45";;"24,55";"3,00";"30,00";;;"SIGNIERT Exportiert ";""
"135CTX ";" 0092";"24.05.2025 11:45";"Barbeleg";"  ";"Personenfahrt";"25,00";"2,27";;"22,73";;"25,00";;;"SIGNIERT Gespeichert ";""
"135CTX ";" 0093";"24.05.2025 12:12";"Pinpad-Zahlung";"Pinpad MasterCard 122620";"Personenfahrt";"15,40";"1,40";;"14,00";;"15,40";;;"SIGNIERT Exportiert ";""
"135CTX ";" 0094";"24.05.2025 13:27";"Barbeleg";"  ";"Personenfahrt";"42,00";"3,82";;"38,18";;"42,00";;;"SIGNIERT Gespeichert ";""
"135CTX ";" 0095";"24.05.2025 16:42";"Pinpad-Zahlung";"Pinpad MasterCard 384100";"Personenfahrt";"50,00";"3,82";;"38,18";"8,00";"50,00";;;"SIGNIERT Exportiert ";""
"135CTX ";" 0096";"24.05.2025 17:25";"Pinpad-Zahlung";"Pinpad VISA 070053";"Personenfahrt";"27,00";"2,33";;"23,27";"1,40";"27,00";;;"SIGNIERT Exportiert ";""
"135CTX ";" 0097";"24.05.2025 19:57";"Barbeleg";"  ";"Personenfahrt";"22,70";"2,06";;"20,64";;"22,70";;;"SIGNIERT Gespeichert ";""
"135CTX ";" 0098";"25.05.2025 10:19";"Barbeleg";"  ";"Personenfahrt";"10,30";"0,94";;"9,36";;"10,30";;;"SIGNIERT Gespeichert ";""
"135CTX ";" 0099";"25.05.2025 10:38";"Barbeleg";"  ";"Personenfahrt";"25,00";"2,27";;"22,73";;"25,00";;;"SIGNIERT Gespeichert ";""
"135CTX ";" 0100";"25.05.2025 10:57";"Barbeleg";"  ";"Personenfahrt";"11,10";"1,01";;"10,09";;"11,10";;;"SIGNIERT Gespeichert ";""
"135CTX ";" 0101";"25.05.2025 11:22";"Barbeleg";"  ";"Personenfahrt";"16,00";"1,45";;"14,45";"0,10";"16,00";;;"SIGNIERT Gespeichert ";""
"135CTX ";" 0102";"25.05.2025 11:47";"Barbeleg";"  ";"Personenfahrt";"23,00";"2,06";;"20,64";"0,30";"23,00";;;"SIGNIERT Gespeichert ";""
"135CTX ";" 0103";"25.05.2025 12:36";"Barbeleg";"  ";"Personenfahrt";"33,70";"3,06";;"30,64";;"33,70";;;"SIGNIERT Gespeichert ";""
"135CTX ";" 0104";"25.05.2025 15:03";"Barbeleg";"  ";"Personenfahrt";"42,00";"3,82";;"38,18";;"42,00";;;"SIGNIERT Gespeichert ";""
"135CTX ";" 0105";"25.05.2025 15:51";"Barbeleg";"  ";"Personenfahrt";"26,00";"2,30";;"23,00";"0,70";"26,00";;;"SIGNIERT Gespeichert ";""
"135CTX ";" 0106";"25.05.2025 17:03";"Barbeleg";"  ";"Personenfahrt";"25,00";"2,19";;"21,91";"0,90";"25,00";;;"SIGNIERT Gespeichert ";""
;;;;;"Summe";"17549,78";"1525,18";"101,28";"15757,44";"165,88";"17549,78";;;;
